{"val_loss": [1.7948843976974487, 1.6992435508728028, 1.708871476173401, 1.6108146306991578, 1.5730547721862793, 1.6081392259597778, 1.5336750671386719, 1.5048625423431397, 1.4951790334701538, 1.4683810905456542, 1.5158743759155273, 1.4315308170318604, 1.4151087562561036, 1.391287442779541, 1.412165064239502, 1.3949991409301759, 1.427317812538147, 1.4018629737854005, 1.3669433868408203, 1.3539616317749024, 1.4172726222991943, 1.346410647201538, 1.340865255355835, 1.3694871295928954, 1.341603672027588, 1.3354577072143554, 1.3200264936447144, 1.328512265396118, 1.402356774330139, 1.3724024536132813, 1.346122647857666, 1.3017287605285643, 1.3189311405181885, 1.3280256856918335, 1.3341149053573609, 1.2982309686660767, 1.3100029148101806, 1.2877536163330079, 1.3207403038024903, 1.327333244895935, 1.301422241973877, 1.2804024055480958, 1.2675694328308105, 1.3172511289596558, 1.2742085779190064, 1.2743061521530152, 1.2628388511657715, 1.3273478048324585, 1.3918705917358398, 1.2938845911026, 1.322440901184082, 1.261676237487793, 1.333694672012329, 1.2619325605392455, 1.3003150232315064, 1.2576408451080323, 1.2906656642913819, 1.2572839651107788, 1.2868271587371827, 1.2799850353240967, 1.261560138320923, 1.2782506980895996, 1.2443963119506836, 1.2522886135101319, 1.3026085746765137, 1.2786624460220337, 1.2518650604248047, 1.244492311859131, 1.3396578975677491, 1.2787823162078857, 1.2778345792770385, 1.2997403732299804, 1.2769385234832764, 1.275041653060913, 1.2524390361785889, 1.314614902114868, 1.31740381565094, 1.2822684448242188, 1.3186260746002196, 1.299843702316284, 1.2746138370513915, 1.3108723407745362, 1.2735469078063966, 1.319575495147705, 1.3211525077819823, 1.2939222387313842, 1.2859999277114869, 1.2627331743240355, 1.2836791061401367, 1.2884287042617797, 1.3230187129974365, 1.3075687309265136, 1.3003509092330932, 1.3798315448760987, 1.260678009033203, 1.2738284463882446, 1.3151110563278199, 1.3377758813858032, 1.288701949596405, 1.2971499872207641], "val_acc": [0.3564, 0.3981, 0.3758, 0.4294, 0.445, 0.4245, 0.4601, 0.4656, 0.4699, 0.4781, 0.4508, 0.4903, 0.499, 0.5063, 0.4959, 0.5027, 0.4923, 0.5087, 0.5142, 0.5228, 0.4965, 0.5211, 0.5239, 0.5121, 0.521, 0.5316, 0.533, 0.5283, 0.504, 0.5136, 0.522, 0.5396, 0.5293, 0.5274, 0.5192, 0.5377, 0.5305, 0.5364, 0.5291, 0.5276, 0.5348, 0.5481, 0.5511, 0.5292, 0.5464, 0.5501, 0.5487, 0.526, 0.5069, 0.5442, 0.5346, 0.5561, 0.5328, 0.5516, 0.5424, 0.5535, 0.5469, 0.5474, 0.546, 0.5473, 0.5573, 0.5396, 0.56, 0.5566, 0.5393, 0.5547, 0.5583, 0.5604, 0.5346, 0.5476, 0.5461, 0.549, 0.5502, 0.5528, 0.5577, 0.5488, 0.5387, 0.5512, 0.5446, 0.5505, 0.5585, 0.5479, 0.5552, 0.5567, 0.5433, 0.5508, 0.5551, 0.5614, 0.5534, 0.5593, 0.5466, 0.5457, 0.5614, 0.5363, 0.5651, 0.5613, 0.549, 0.5464, 0.5567, 0.5541], "loss": [1.9816021143341065, 1.7989119985198974, 1.7213450112915039, 1.6746728328704834, 1.6353301787948609, 1.601252781906128, 1.5741850610351562, 1.5508761917495728, 1.5233628010177613, 1.5057305490875244, 1.4851773453521728, 1.4713242154693604, 1.4509702343368531, 1.4356205808258056, 1.4219688763046265, 1.4092349431991578, 1.3913774724960326, 1.3831265650177003, 1.367527114944458, 1.358253471069336, 1.3473323961639405, 1.3346763855743409, 1.3191211544036865, 1.3111700526809693, 1.3049134812164307, 1.2920176274490356, 1.2834353467178345, 1.2746882587051391, 1.2671769063949585, 1.2582116918563844, 1.2493967199707032, 1.2404878400802613, 1.2290155956268312, 1.218267769393921, 1.2178268851089478, 1.207162807044983, 1.1988204518890382, 1.1879174515533448, 1.1846195698547364, 1.1738932458114624, 1.168902218132019, 1.1633706557846069, 1.148403537940979, 1.1431472388458253, 1.1383061394119263, 1.1309046713638307, 1.1242915757751464, 1.1158477416229249, 1.1092173432159425, 1.1019169623184204, 1.0956276330566406, 1.0879631633377076, 1.084371076774597, 1.0790144249725342, 1.0739242735671997, 1.0626315256500245, 1.0581378185272217, 1.051673712348938, 1.042814492225647, 1.0405015335464478, 1.0334190466308595, 1.0270425761032105, 1.019536152153015, 1.0170956972885132, 1.0079383082199096, 1.0013507371902466, 0.9940566662788392, 0.9906566287612915, 0.9842759188079834, 0.9793286406326294, 0.9746339044952392, 0.9669913150024414, 0.9615735048294067, 0.9523241382980346, 0.9536198342132568, 0.9454454505729676, 0.9415297776031494, 0.9313175061798096, 0.9261055799674988, 0.9189946655273438, 0.9229211534309387, 0.9118188555908203, 0.9039390170669556, 0.8978463793563842, 0.8963330983352661, 0.8952740342330933, 0.8752723998832702, 0.8819607925605774, 0.8740879095840454, 0.8698748148918152, 0.8589783903694153, 0.8618238132858277, 0.8551528462409973, 0.8543961368560791, 0.8515756098747254, 0.843192135181427, 0.8347966871261596, 0.8290985300064087, 0.8221190550613403, 0.816171453075409], "acc": [0.2819599999904633, 0.35622, 0.38932000000953676, 0.40728000000953674, 0.4209799999809265, 0.43310000000953675, 0.4409000000095367, 0.4509400000190735, 0.46003999999046324, 0.4681199999809265, 0.47307999999046324, 0.47906, 0.487619999961853, 0.49028000000953675, 0.49656, 0.5012200000095367, 0.507379999961853, 0.50778, 0.517219999961853, 0.5197000000095368, 0.5247400000190735, 0.5278, 0.53264, 0.5343799999809266, 0.537680000038147, 0.54172, 0.5466999999809266, 0.54818, 0.5502999999618531, 0.55342, 0.5560799999809265, 0.558119999961853, 0.5638000000190735, 0.568780000038147, 0.566680000038147, 0.571079999961853, 0.5743199999809265, 0.57916, 0.581879999961853, 0.58298, 0.584720000038147, 0.5869199999618531, 0.5918, 0.594720000038147, 0.5947600000095368, 0.5992400000190735, 0.5988599999809265, 0.6009799999809265, 0.605839999961853, 0.6078600000190735, 0.61264, 0.6120999999809266, 0.614499999961853, 0.614759999961853, 0.6203399999618531, 0.621840000038147, 0.621420000038147, 0.625940000038147, 0.629859999961853, 0.630520000038147, 0.633900000038147, 0.6335399999809265, 0.638380000038147, 0.638640000038147, 0.6394199999618531, 0.639279999961853, 0.6457, 0.64602, 0.65042, 0.65174, 0.652499999961853, 0.654579999961853, 0.6564199999809265, 0.6608199999809266, 0.658900000038147, 0.662819999961853, 0.66428, 0.6676199999809265, 0.6684000000381469, 0.673420000038147, 0.67186, 0.6738400000381469, 0.6764999999618531, 0.6799599999809265, 0.67832, 0.6796800000190735, 0.6899599999809265, 0.684680000038147, 0.687359999961853, 0.6888399999618531, 0.693979999961853, 0.691559999961853, 0.693240000038147, 0.6939800000190735, 0.6951600000381469, 0.6977200000381469, 0.70358, 0.7022600000381469, 0.7049199999618531, 0.7065799999809265]}