{"val_loss": [1.8882477188110351, 1.7522093893051147, 1.6209715339660644, 1.5359495691299438, 1.4750208972930907, 1.447274200630188, 1.4068164360046387, 1.3664722663879394, 1.2824394004821777, 1.2477405082702637, 1.2207000099182128, 1.2552719228744507, 1.183988826942444, 1.1723948621749878, 1.1377220936775208, 1.1668078243255615, 1.1078824411392212, 1.1282936296463013, 1.1939701192855834, 1.0721702828407287, 1.053819556903839, 1.076362518310547, 1.0305374853134155, 1.0294108710289, 1.006719532775879, 1.0239047338485718, 0.9954765403747559, 0.9791669511795044, 0.9680148791313171, 0.9767468700408936, 0.9551816443443298, 0.9565455665588379, 0.95490223903656, 0.9426776386260987, 0.9523718702316284, 0.970239793586731, 0.9334007511138916, 0.9283552549362183, 0.9270642178535461, 0.9382371061325073, 0.9466952310562133, 0.9538300790786743, 0.9458210357666016, 0.9326932468414306, 0.9930231149673462, 0.9466662489891052, 0.9514791553497315, 0.948124370765686, 0.9533207493782043, 0.966711237335205, 0.9937869107246399, 0.9680343944549561, 0.9699255353927613, 0.9802737970352173, 1.009972730922699, 1.0126978397369384, 1.0050451912879943, 0.9997780316352844, 1.0237143751144409, 1.02286309633255, 1.0351053676605224, 1.0351755966186524, 1.0350715692520143, 1.0576851272583008, 1.063377735900879, 1.071910319519043, 1.0734148418426515, 1.0733044441223145, 1.0794342449188232, 1.0775803888320923, 1.091052074432373, 1.1066084993362426, 1.1167321758270263, 1.122480171775818, 1.121714489364624, 1.1414647679328918, 1.1448493640899657, 1.1471002821922303, 1.1399050745010375, 1.1769027755737305, 1.1595285924911498, 1.1677297448158264, 1.1592163585662842, 1.1876895526885987, 1.197623607635498, 1.1743782445907593, 1.18671489944458, 1.1962981645584105, 1.2153323684692383, 1.2175742958068847, 1.210286420249939, 1.2428348371505737, 1.2291580784797669, 1.2420219699859618, 1.2359456171035768, 1.2264392776489257, 1.269387465286255, 1.2344703714370728, 1.267970558166504, 1.277816241645813], "val_acc": [0.3388, 0.3853, 0.4348, 0.4611, 0.4755, 0.4834, 0.5029, 0.5133, 0.5426, 0.5628, 0.5696, 0.5589, 0.5834, 0.5841, 0.6013, 0.5922, 0.605, 0.5984, 0.5743, 0.6213, 0.6247, 0.6163, 0.6367, 0.6322, 0.6452, 0.6411, 0.6506, 0.6576, 0.6574, 0.66, 0.6608, 0.666, 0.6619, 0.6707, 0.6705, 0.6666, 0.6789, 0.6811, 0.6814, 0.679, 0.6792, 0.6783, 0.684, 0.6873, 0.6708, 0.6859, 0.6855, 0.6906, 0.6891, 0.6913, 0.6843, 0.6945, 0.6941, 0.6914, 0.6957, 0.6853, 0.6914, 0.6943, 0.6927, 0.6897, 0.6934, 0.6986, 0.696, 0.6935, 0.6982, 0.696, 0.6916, 0.6974, 0.6985, 0.6998, 0.6993, 0.6944, 0.6949, 0.6946, 0.6987, 0.6905, 0.6963, 0.695, 0.6947, 0.6981, 0.6967, 0.6951, 0.6986, 0.6918, 0.6968, 0.6985, 0.7003, 0.6955, 0.6977, 0.6978, 0.6967, 0.6981, 0.7009, 0.6999, 0.6958, 0.6962, 0.7024, 0.6985, 0.6996, 0.6959], "loss": [2.082183022232056, 1.84246329246521, 1.725078585548401, 1.6312393685150146, 1.5495827571868896, 1.480496538772583, 1.4271954209136963, 1.3766358759307862, 1.338910345993042, 1.297837801475525, 1.2619555080413818, 1.2322555405807496, 1.2019418342590331, 1.171269493560791, 1.146489388103485, 1.1170799875640869, 1.0930721114730835, 1.0662750969314576, 1.044875654373169, 1.0182766696929932, 0.9932601607322693, 0.9707784867668152, 0.950136819190979, 0.9254473696708679, 0.8996013993644715, 0.8788840266418457, 0.8569386309814453, 0.8318226913452148, 0.8129151571846008, 0.7895012354660034, 0.7701384918403625, 0.7473249389457702, 0.7258750245857238, 0.7029736779403687, 0.6839159208869934, 0.6645150230026245, 0.6421504273223877, 0.6211214830398559, 0.6049024361419678, 0.5825941977119445, 0.5674033915710449, 0.5460533968353272, 0.5283645468330384, 0.5129002493095398, 0.493153766040802, 0.4776901651191711, 0.45569437507629396, 0.4387193451786041, 0.4295365369510651, 0.4107930879974365, 0.4011997566986084, 0.3849588917827606, 0.3706761086177826, 0.36047878847122194, 0.3449749929141998, 0.33530862983703613, 0.3214338451290131, 0.30963720598220823, 0.29814694193840025, 0.2905933417987823, 0.2800070072221756, 0.27254682654380796, 0.2623787506484985, 0.25249111828804016, 0.2420478106403351, 0.23549140571594238, 0.23120492631912232, 0.22188528148651124, 0.21591705858230592, 0.20753833476066588, 0.19851556845664978, 0.19522032854557037, 0.1888063885307312, 0.18290104365348817, 0.1752444070959091, 0.173191578707695, 0.1664507572889328, 0.16148118237018586, 0.1599430461883545, 0.1554365096950531, 0.14705814253807067, 0.1432493590116501, 0.14271818004608156, 0.1376428545999527, 0.13619942717313765, 0.1316387647294998, 0.12931065555095672, 0.12369601815223694, 0.12257388846635818, 0.12134913133382798, 0.11914701976776124, 0.11548506693840027, 0.11277407687187195, 0.10869429220676421, 0.10890611546039582, 0.10194837441444397, 0.10078712607860565, 0.10345745999217033, 0.09714033741474151, 0.09460019572257995], "acc": [0.2423399999809265, 0.3478200000095367, 0.3894600000190735, 0.42006000000953675, 0.45181999998092653, 0.47209999999046326, 0.4914600000190735, 0.50938, 0.5250800000190735, 0.5385, 0.5522400000190735, 0.561480000038147, 0.574799999961853, 0.5851799999904632, 0.5955800000381469, 0.6067800000190735, 0.6152000000190735, 0.6257, 0.6315600000381469, 0.642039999961853, 0.6511200000190734, 0.6604800000190735, 0.6680399999809266, 0.675979999961853, 0.684120000038147, 0.69104, 0.700760000038147, 0.7078200000381469, 0.71608, 0.724080000038147, 0.73046, 0.7389599999809265, 0.7467800000381469, 0.75186, 0.7610800000190735, 0.7690599999809266, 0.7765399999809265, 0.7826399999618531, 0.7876, 0.7971799999618531, 0.803039999961853, 0.811900000038147, 0.8163999999809265, 0.8216399999809265, 0.8279399999618531, 0.8341599999618531, 0.841220000038147, 0.84794, 0.850660000038147, 0.85702, 0.8599000000190735, 0.8672399999809265, 0.870379999961853, 0.87486, 0.8801199999809265, 0.88368, 0.8882000000190735, 0.8925399999809265, 0.89766, 0.8998000000190735, 0.9039399999809266, 0.90706, 0.9094799999809265, 0.9140800000381469, 0.9163999999618531, 0.9206399999809265, 0.920140000038147, 0.923899999961853, 0.9264200000190735, 0.930599999961853, 0.933660000038147, 0.932920000038147, 0.9364, 0.9383600000190735, 0.9394799999809265, 0.9420400000190735, 0.9430399999618531, 0.9455800000190735, 0.9471199999809266, 0.94742, 0.952019999961853, 0.952219999961853, 0.9529800000190735, 0.954760000038147, 0.954279999961853, 0.9560599999809265, 0.9574800000190735, 0.95888, 0.95924, 0.960460000038147, 0.9602399999809265, 0.962240000038147, 0.962400000038147, 0.9642600000381469, 0.963299999961853, 0.9662999999809265, 0.966220000038147, 0.9655200000190735, 0.968439999961853, 0.969180000038147]}