{"val_loss": [1.7086580574035644, 1.5194560150146483, 1.4932582057952881, 1.3752825634002686, 1.4511225791931153, 1.2511007724761962, 1.4757072750091553, 1.165574906349182, 1.1451008926391602, 1.1531524841308594, 1.1121328126907348, 1.1275707328796387, 1.014266964149475, 1.1132533855438231, 1.0415091571807862, 1.0756574338912963, 0.9815829006195068, 1.0035221817016602, 0.9830063854217529, 0.9420538366317749, 0.9274904579162597, 0.9057211589813232, 0.9051195492744446, 0.9547272070884705, 0.9426652597427368, 0.9416441692352295, 0.906403065776825, 0.9026885509490967, 0.9015264956474304, 0.8972841364860534, 0.9796183179855347, 0.8374329067230225, 0.8502846070289611, 0.8722512276649476, 0.8787140721321106, 0.8871454661369323, 0.8341795924186707, 0.8603272954940796, 0.9119447542190552, 0.8793652351379394, 0.8379064439773559, 0.8441505392074585, 0.8356010673522949, 0.8294218903541565, 0.8228486371994018, 0.8183882112503051, 0.8096474332809448, 0.8222058962821961, 0.825632416343689, 0.8018960221290589, 0.9152545059204101, 0.882671901512146, 0.7961976819992066, 0.8139385944366455, 0.7881297924041748, 0.7826289144515991, 0.7870694985389709, 0.7797944150924683, 0.7855270154953002, 0.8066855396270752, 0.7903239181518554, 0.7790985476493836, 0.7805826128959655, 0.8208946929931641, 0.805630491065979, 0.789339455986023, 0.7651471677780152, 0.8178253334999085, 0.792685845375061, 0.7960545803070068, 0.8284002733230591, 0.7742881583213806, 0.7980952120780945, 0.8251037673950196, 0.7834193564414978, 0.783211475944519, 0.78759960231781, 0.7636940860748291, 0.8049783149719238, 0.7802959582328797, 0.7914596727371216, 0.7753255650520324, 0.8000186200141907, 0.7687913402557373, 0.7812327397346497, 0.7830720156669617, 0.7772361810684204, 0.7784702394485473, 0.7911286476135254, 0.8055152713775635, 0.854670850944519, 0.8182342353820801, 0.8124192712783813, 0.7951761911392212, 0.7807213309288025, 0.7802294225692749, 0.7813834940910339, 0.7769441411018372, 0.8075563423156739, 0.7714424661636352], "val_acc": [0.4031, 0.4795, 0.4965, 0.5375, 0.499, 0.5781, 0.478, 0.5993, 0.6094, 0.6037, 0.6148, 0.6106, 0.6502, 0.6113, 0.6351, 0.6227, 0.663, 0.6604, 0.656, 0.6696, 0.6796, 0.6917, 0.6902, 0.6683, 0.6657, 0.6698, 0.6866, 0.6866, 0.6929, 0.6904, 0.6705, 0.7101, 0.7061, 0.6967, 0.6936, 0.6886, 0.7154, 0.7019, 0.6868, 0.7048, 0.71, 0.7057, 0.7141, 0.7166, 0.7144, 0.7144, 0.7235, 0.7141, 0.7125, 0.72, 0.6811, 0.6916, 0.7239, 0.72, 0.7277, 0.7325, 0.7276, 0.73, 0.7307, 0.7255, 0.7297, 0.7354, 0.7362, 0.7194, 0.7285, 0.7356, 0.7364, 0.7273, 0.7318, 0.7281, 0.7195, 0.7407, 0.7299, 0.722, 0.7363, 0.7343, 0.7276, 0.7413, 0.7289, 0.7385, 0.7337, 0.7405, 0.7306, 0.7406, 0.7399, 0.738, 0.7377, 0.7386, 0.737, 0.7322, 0.7107, 0.7271, 0.7322, 0.736, 0.742, 0.7404, 0.7372, 0.7442, 0.7372, 0.7428], "loss": [1.9298043943405152, 1.6637699138641358, 1.538331608505249, 1.455660938835144, 1.3872233919525145, 1.3290693720626832, 1.2788411436080933, 1.234249631538391, 1.1939920363616943, 1.1559231969833375, 1.1204790391921997, 1.0902663379669189, 1.0679169585037231, 1.0439502602005004, 1.028255306968689, 1.00557889793396, 0.9821619282531738, 0.9698432630729675, 0.9547940111160278, 0.9353398141860962, 0.9224844596099854, 0.9080506503105163, 0.8983158992767334, 0.8862436769294739, 0.8712977216720581, 0.8620347508430481, 0.8488943447303772, 0.8385054619407654, 0.8281817004013061, 0.8178318712997437, 0.8116286251831055, 0.7966091342544556, 0.7853278602981567, 0.7812161215019227, 0.7689915485382081, 0.764667643032074, 0.748066920337677, 0.7434630334472656, 0.7333251211357117, 0.7255827584266663, 0.7178125234985352, 0.7050956706237793, 0.6977217942428589, 0.6920962158203126, 0.686316165523529, 0.6739314802360534, 0.6647279737663269, 0.6634400151443481, 0.6547830487823486, 0.6500057069587708, 0.6351839251899719, 0.627708245716095, 0.619787170753479, 0.6166203410720825, 0.6038006487655639, 0.6035055937194824, 0.5921088810729981, 0.5907423202896118, 0.5778144041252137, 0.5706315504646301, 0.5635652177238465, 0.5582881727600097, 0.550125880870819, 0.5452958193016052, 0.5380377206993103, 0.5275336137962341, 0.5280380141830444, 0.5189291540908814, 0.5082552548027038, 0.5098243780708313, 0.5072902410316468, 0.4927397514438629, 0.4913292474555969, 0.4845291977119446, 0.4799117059993744, 0.4785465086174011, 0.47125627046585084, 0.4574974763298035, 0.4557114583778381, 0.45115592185974124, 0.4432046561813355, 0.44145695589065553, 0.43364784209251406, 0.4293411611843109, 0.417997052526474, 0.42323443145751954, 0.4123526400089264, 0.406155461101532, 0.39962813774108885, 0.3984083793735504, 0.39838520746231076, 0.38906340056419375, 0.3849629986286163, 0.3770271219062805, 0.3770123528766632, 0.3697060365104675, 0.36576263127326963, 0.3656416776371002, 0.35426911178588866, 0.3521055603981018], "acc": [0.30978, 0.4174400000190735, 0.465299999961853, 0.49463999996185304, 0.519840000038147, 0.5434999999809265, 0.5583000000190735, 0.5764799999618531, 0.589639999961853, 0.6018200000190734, 0.61568, 0.62382, 0.633260000038147, 0.639780000038147, 0.6443400000190734, 0.6528199999809265, 0.65914, 0.6653399999809265, 0.66838, 0.6769600000190735, 0.6818400000381469, 0.6849799999809265, 0.6904000000381469, 0.6948799999809265, 0.700079999961853, 0.7013400000190735, 0.706779999961853, 0.7109, 0.71446, 0.717980000038147, 0.7212799999809265, 0.724300000038147, 0.728759999961853, 0.732039999961853, 0.734420000038147, 0.736839999961853, 0.742819999961853, 0.74344, 0.746379999961853, 0.74984, 0.751820000038147, 0.756059999961853, 0.7583800000190735, 0.7603199999618531, 0.7616799999809265, 0.7661399999809265, 0.7706199999809266, 0.770180000038147, 0.77466, 0.774180000038147, 0.7794, 0.7851600000190735, 0.786320000038147, 0.7878800000190734, 0.7934799999809266, 0.793440000038147, 0.7949600000190735, 0.7965000000190735, 0.8017, 0.80374, 0.805140000038147, 0.8084600000190735, 0.810019999961853, 0.8121400000190735, 0.8150599999618531, 0.8187, 0.8187800000190735, 0.8223999999809265, 0.8235999999618531, 0.82326, 0.8237400000190734, 0.8315000000190735, 0.8303800000190735, 0.8343800000190735, 0.8358800000190735, 0.8355799999618531, 0.837880000038147, 0.8428999999809265, 0.84386, 0.845299999961853, 0.8479399999809265, 0.849220000038147, 0.852400000038147, 0.85412, 0.8559600000190735, 0.8550399999809265, 0.85892, 0.8605599999809265, 0.8642000000190735, 0.8640199999618531, 0.8627999999809265, 0.8675800000190735, 0.86968, 0.87142, 0.8731200000190735, 0.8737400000190735, 0.8766199999809265, 0.8765399999618531, 0.880360000038147, 0.88092]}