{"val_loss": [1.7601173772811889, 1.5136224765777588, 1.4394845151901245, 1.3768954469680785, 1.27310959815979, 1.2620148029327392, 1.1707737182617188, 1.1531272817611695, 1.1206582244873047, 1.1036251832008361, 1.0514776550292968, 1.0430305843353271, 1.0392707145690918, 1.00354222574234, 0.975598027420044, 0.9543782460212707, 0.9716485994338989, 0.9400685150146484, 0.9178267433166504, 0.9212117880821228, 0.8954555917739868, 0.8896771890640259, 0.8821419944763184, 0.8873213448524475, 0.8605738290786743, 0.8887343005180359, 0.8577728372573853, 0.8648072033882142, 0.8535654863357544, 0.8610504981040955, 0.8546456794738769, 0.8618144872665405, 0.8791842147827148, 0.8539423109054566, 0.8591534673690796, 0.8711246396064758, 0.8569153122901917, 0.8710592816352845, 0.8747855052947998, 0.8698869494438172, 0.8610052141189575, 0.8894569297790528, 0.8847601509094238, 0.901417684173584, 0.8962825625419617, 0.897892457485199, 0.904207287311554, 0.9146889393806458, 0.8968771430015564, 0.9171184807777405, 0.9264239652633667, 0.9239558981895447, 0.9306186111450195, 0.9455243904113769, 0.9524865432739258, 0.9450699698448182, 0.9411848836898804, 0.9408853576660157, 0.9423913553237915, 0.9579773010253906, 0.9686090239524842, 0.9701991338729858, 0.9834853561401368, 1.037554771232605, 0.9945328127861023, 0.995492586517334, 1.0033407718658447, 1.0008596612930298, 1.0154295329093934, 1.0024229640007019, 1.0204743329048156, 1.0301161897659301, 1.0328875918388367, 1.0219314025878907, 1.0390841252326966, 1.021080139541626, 1.0249742223739624, 1.0382700652122498, 1.045984933567047, 1.0516645330429077, 1.0435725603103638, 1.0651582528114318, 1.0747839390754699, 1.0658527863502503, 1.0593480367660522, 1.0707722965240478, 1.0895157607078552, 1.0780383736610413, 1.0748539974212648, 1.0745644206047058, 1.105565966320038, 1.1104526574134828, 1.1014753749847412, 1.1221691465377808, 1.120905842781067, 1.1139121740341187, 1.1350043064117432, 1.1280280961990357, 1.1134528022766113, 1.16212356300354], "val_acc": [0.3732, 0.4699, 0.4897, 0.5142, 0.5505, 0.5507, 0.5865, 0.5901, 0.6054, 0.6099, 0.6268, 0.6297, 0.6358, 0.6431, 0.6553, 0.6654, 0.6539, 0.6691, 0.6779, 0.6783, 0.6883, 0.6906, 0.6868, 0.6891, 0.702, 0.6913, 0.7078, 0.7039, 0.7092, 0.7054, 0.7139, 0.7089, 0.7101, 0.7132, 0.7108, 0.7063, 0.7149, 0.7183, 0.7131, 0.719, 0.7214, 0.7176, 0.7194, 0.7161, 0.7188, 0.7201, 0.7183, 0.7218, 0.7215, 0.7236, 0.7171, 0.7224, 0.7229, 0.7207, 0.7215, 0.7212, 0.7238, 0.7257, 0.7229, 0.7246, 0.7216, 0.7262, 0.7245, 0.7193, 0.727, 0.7253, 0.7231, 0.7261, 0.7275, 0.7246, 0.7219, 0.7249, 0.7219, 0.7235, 0.727, 0.7248, 0.7274, 0.726, 0.7254, 0.7221, 0.7225, 0.7265, 0.7282, 0.7266, 0.7264, 0.7243, 0.7272, 0.7275, 0.7245, 0.7273, 0.7266, 0.7262, 0.7282, 0.7225, 0.7231, 0.7266, 0.7257, 0.7243, 0.7272, 0.7237], "loss": [2.014796888961792, 1.721702964477539, 1.5532360948944093, 1.4426680842590331, 1.3564077779388428, 1.2978055380249023, 1.2455459631347656, 1.2003590351867677, 1.1564100178527832, 1.119612944793701, 1.0811692724990845, 1.0466376858901978, 1.0096340215682984, 0.9824776162338257, 0.9475772112655639, 0.9150207169342041, 0.880999049243927, 0.8523025847244262, 0.8276991745185852, 0.7983717703247071, 0.771113674697876, 0.7442411737060547, 0.72274542345047, 0.6948401064682007, 0.6705424314308166, 0.6458805585289001, 0.6191582528686523, 0.6056567897796631, 0.5867337962341309, 0.5618030079650879, 0.5426248927688598, 0.517668592414856, 0.5030512723350525, 0.48554046503067017, 0.46961611562728883, 0.44965122249603273, 0.434606010465622, 0.4190984031677246, 0.40335771467208864, 0.3898892297363281, 0.37923668524742127, 0.3639461131477356, 0.3491753844833374, 0.33962379767417905, 0.32699133867263797, 0.31434380124092104, 0.3039313568305969, 0.2956964352607727, 0.28437731464385985, 0.2761340135669708, 0.2722940515804291, 0.26088502846240996, 0.2541847465801239, 0.24853076687812806, 0.24085002816200257, 0.23840776476860046, 0.22885587796211243, 0.2239635160589218, 0.2146154198551178, 0.21381776582241058, 0.20943192019462586, 0.19703295170783997, 0.1954760894012451, 0.19449940031051635, 0.18644878828048705, 0.18255019713401793, 0.1780612493276596, 0.17417597136497498, 0.16957362781524657, 0.16726593148231506, 0.16106129011154174, 0.15978397339820863, 0.15731537902355194, 0.154414358792305, 0.146825973405838, 0.15057124083518983, 0.14634452863693237, 0.14125119299411773, 0.1385389130282402, 0.13801767753720284, 0.13621251189231873, 0.13125887868881225, 0.13093036255836488, 0.12712935657024382, 0.1283261064195633, 0.1228097598028183, 0.12282926647663117, 0.11904897643566131, 0.11841033791542054, 0.11796294638872147, 0.11678337355136871, 0.11410776772499084, 0.11000953118801117, 0.11030710978984833, 0.10829387018442153, 0.10810729305267334, 0.10305424779891968, 0.10296485234737396, 0.10476997096061706, 0.09839915090560913], "acc": [0.27003999999046324, 0.3848600000190735, 0.4421400000190735, 0.48144, 0.5135599999809265, 0.5381800000381469, 0.5580000000190735, 0.5727800000190735, 0.58846, 0.603439999961853, 0.618540000038147, 0.63062, 0.6442000000190735, 0.6521200000190734, 0.664559999961853, 0.6771000000190734, 0.6886599999809265, 0.6993199999809265, 0.708319999961853, 0.718119999961853, 0.728959999961853, 0.737199999961853, 0.74282, 0.7546999999809265, 0.7620399999809265, 0.772400000038147, 0.7796399999618531, 0.7829599999618531, 0.7913999999809265, 0.799980000038147, 0.8081000000190735, 0.81538, 0.8214600000190735, 0.8264399999809265, 0.8336799999809266, 0.840380000038147, 0.844960000038147, 0.850959999961853, 0.8586799999809265, 0.8630799999809265, 0.866719999961853, 0.8705000000190735, 0.8750999999809265, 0.8785199999809266, 0.8837600000190735, 0.888060000038147, 0.8917600000381469, 0.8945999999809265, 0.8986600000381469, 0.903, 0.9040400000190735, 0.9073600000190735, 0.9114000000190735, 0.9121199999809265, 0.9148599999809265, 0.91544, 0.9184400000190734, 0.921159999961853, 0.9242, 0.9242, 0.9269199999809266, 0.9302399999809265, 0.93094, 0.93074, 0.934260000038147, 0.9349999999809265, 0.9367999999809266, 0.9384, 0.9415200000190734, 0.9403800000381469, 0.9446999999809265, 0.943859999961853, 0.9451000000190735, 0.9455, 0.948019999961853, 0.94752, 0.948179999961853, 0.951299999961853, 0.9513400000190735, 0.9520000000190735, 0.952619999961853, 0.9537799999809266, 0.954560000038147, 0.9551600000381469, 0.955800000038147, 0.9566999999809265, 0.9570199999809265, 0.959120000038147, 0.95896, 0.95846, 0.9582999999809265, 0.959999999961853, 0.9611400000190735, 0.9618200000190735, 0.963200000038147, 0.962659999961853, 0.9649199999809265, 0.9642799999809265, 0.9638399999809265, 0.9665799999618531]}