{"val_loss": [1.9283553777694702, 1.7907982591629028, 1.7071787799835205, 1.6172528114318847, 1.5457648611068726, 1.5102517791748047, 1.4453011457443237, 1.4096871044158936, 1.39296912651062, 1.390860005569458, 1.3485440044403076, 1.3066374725341796, 1.2695218296051025, 1.2490772525787353, 1.2365593147277831, 1.2219126262664795, 1.1982556705474854, 1.186090725517273, 1.1703363975524903, 1.1472670936584473, 1.1429335985183715, 1.1570628124237061, 1.1165674352645873, 1.1105938335418701, 1.1182319008827208, 1.1014061693191528, 1.0725893287658692, 1.0643253295898438, 1.0476494367599487, 1.07933936958313, 1.044140124130249, 1.028725521850586, 1.0241840801239013, 1.024313510131836, 0.9984768945693969, 0.99260993309021, 0.9905509685516357, 0.9809343355178833, 0.9796656768798828, 0.9660666926383972, 0.9775237062454224, 0.9666159787178039, 0.9631094411849975, 0.9438528393745422, 0.9405191432952881, 0.9387043610572815, 0.9485099500656128, 0.9270605256080627, 0.9149669849395752, 0.9197729057312012, 0.9215801774978638, 0.9097341316223144, 0.9099541444778443, 0.9018857189178466, 0.8935374076843262, 0.892681872844696, 0.8940875255584717, 0.8835090856552124, 0.8901803895950318, 0.8929549423217773, 0.8753676634788513, 0.8827588680267334, 0.8710446290969849, 0.8712896094322204, 0.8743483570098877, 0.866865449142456, 0.8669418500900269, 0.8587545579910278, 0.8703826021194458, 0.8812284076690674, 0.8539501715660095, 0.8558437072753906, 0.857409960269928, 0.8477230730056763, 0.8575484294891358, 0.851641051197052, 0.8504864482879638, 0.8575425477981568, 0.8504514439582824, 0.8584556978225708, 0.8473379758834839, 0.8526747728347779, 0.8518468776702881, 0.8500587082862854, 0.8517981431961059, 0.8490778070449829, 0.8466554897308349, 0.8449158248901367, 0.8477265247344971, 0.8481440204620362, 0.8514783425331116, 0.848179114818573, 0.8547816411972046, 0.8532405670166016, 0.8574961673736572, 0.8549540676116943, 0.8756557481765747, 0.8652968479156494, 0.879554580116272, 0.8525303136825562], "val_acc": [0.3323, 0.3872, 0.4026, 0.4303, 0.4538, 0.4645, 0.4904, 0.5041, 0.5077, 0.5048, 0.5205, 0.5397, 0.5515, 0.5533, 0.5644, 0.5664, 0.5715, 0.5811, 0.5811, 0.5945, 0.5925, 0.5869, 0.5999, 0.6093, 0.6091, 0.6114, 0.619, 0.6254, 0.6292, 0.6194, 0.628, 0.6398, 0.6394, 0.6385, 0.6504, 0.6506, 0.6492, 0.6568, 0.6527, 0.6626, 0.6556, 0.658, 0.6611, 0.6686, 0.6711, 0.6706, 0.6678, 0.6752, 0.6797, 0.6754, 0.6768, 0.6794, 0.6789, 0.6836, 0.6847, 0.6869, 0.6847, 0.6933, 0.6866, 0.685, 0.6953, 0.6909, 0.6937, 0.6976, 0.6975, 0.7, 0.6981, 0.7021, 0.6983, 0.6954, 0.7021, 0.703, 0.7026, 0.7068, 0.7035, 0.7085, 0.7059, 0.7089, 0.7052, 0.7056, 0.706, 0.7093, 0.7113, 0.7089, 0.7092, 0.7086, 0.7121, 0.7134, 0.7129, 0.7111, 0.7106, 0.7108, 0.7117, 0.7132, 0.716, 0.7161, 0.7083, 0.7155, 0.7119, 0.7168], "loss": [2.141524139633179, 1.927048805885315, 1.814005122756958, 1.7331713216781617, 1.664512943458557, 1.603348479347229, 1.5487783047103882, 1.5107547341537475, 1.4729876809310913, 1.4415227416610719, 1.4128769190216064, 1.3819933415985108, 1.3549913716125488, 1.3290123135375977, 1.3047975083160401, 1.283002869758606, 1.263324601173401, 1.2436552920532227, 1.2260493591690063, 1.20650948261261, 1.190666522026062, 1.1720264386749268, 1.162023486251831, 1.141112275314331, 1.1270132457351685, 1.1129900281143188, 1.0965028987312317, 1.084838701171875, 1.0698659539031983, 1.053456498146057, 1.0419143061447143, 1.026877764110565, 1.0161987868881226, 1.0004809622001647, 0.9897679532623291, 0.9758123614120483, 0.9643688786125183, 0.9515775667190551, 0.9422187275505066, 0.9274632959747314, 0.9177445216751099, 0.9036803020858765, 0.8943272624588012, 0.8786698191642761, 0.8710716560173035, 0.8569458639907837, 0.8504918803405762, 0.836536721534729, 0.8281111186218262, 0.8112203771018982, 0.8085995704650879, 0.7931362945175171, 0.792206809425354, 0.7743618559646607, 0.7673784898376464, 0.7532403017997742, 0.7387241081237793, 0.7302277327919007, 0.7182006522369385, 0.7089990516471862, 0.7068851042556763, 0.6881507868003846, 0.6841055941390991, 0.6734622442436218, 0.663102131099701, 0.6545676550292969, 0.6472033087730408, 0.6392568514442444, 0.6242953575325012, 0.6161484941005707, 0.6082929523086548, 0.5975923641014099, 0.5904620213508606, 0.5814550635528565, 0.57547720287323, 0.5645254092216492, 0.5636433650588989, 0.5553770879745483, 0.544648408126831, 0.5334556280136108, 0.5256791852760315, 0.5216724847984314, 0.5089711860084534, 0.508138283405304, 0.5032270949172973, 0.4887922244167328, 0.487219521112442, 0.474306085729599, 0.46824344823837283, 0.4595941850662231, 0.45350242809295654, 0.4445238137245178, 0.443597961063385, 0.4380403975105286, 0.43012110528945924, 0.4221902342128754, 0.4161089945888519, 0.409376800737381, 0.4063586517906189, 0.3995915005874634], "acc": [0.2085, 0.30886, 0.35573999999046324, 0.38328000000953677, 0.40713999999046324, 0.42776, 0.4453400000095367, 0.45764000000953675, 0.4736799999809265, 0.48218000001907346, 0.49334000001907347, 0.504479999961853, 0.516460000038147, 0.5252599999809265, 0.5326399999618531, 0.5419799999904632, 0.54952, 0.5542800000190735, 0.5625399999809265, 0.5697799999809265, 0.5744000000190734, 0.58126, 0.5873599999618531, 0.59692, 0.6005800000381469, 0.6058800000190735, 0.610839999961853, 0.6162399999618531, 0.6212200000381469, 0.626699999961853, 0.630960000038147, 0.6381, 0.64152, 0.6475799999809265, 0.6506200000190735, 0.6567199999809266, 0.66002, 0.663939999961853, 0.6692, 0.673979999961853, 0.67534, 0.6810600000190735, 0.6845999999618531, 0.6903799999618531, 0.6929399999618531, 0.6973399999809266, 0.7012599999809265, 0.70666, 0.710639999961853, 0.715980000038147, 0.7143599999618531, 0.7192600000381469, 0.7205200000190735, 0.7250600000190734, 0.729940000038147, 0.734259999961853, 0.7398800000190735, 0.741640000038147, 0.746520000038147, 0.750520000038147, 0.750620000038147, 0.7558399999809265, 0.7573799999809265, 0.7620400000190735, 0.7663200000381469, 0.7697600000381469, 0.772060000038147, 0.7722999999618531, 0.7795999999809266, 0.7815399999809265, 0.785619999961853, 0.789099999961853, 0.79092, 0.7934000000190735, 0.795240000038147, 0.7998000000190735, 0.8005199999618531, 0.8038999999809265, 0.807480000038147, 0.8101200000190735, 0.8124799999809265, 0.8138999999809265, 0.819879999961853, 0.8189399999618531, 0.821739999961853, 0.82598, 0.8262399999809266, 0.83246, 0.8327, 0.83498, 0.8380000000190735, 0.841839999961853, 0.8431200000190735, 0.8438400000190734, 0.84696, 0.848559999961853, 0.851160000038147, 0.8557000000190735, 0.8553600000381469, 0.8564]}