{"val_loss": [1.875923933982849, 1.7894442558288575, 1.7300406707763671, 1.698625227355957, 1.6627705762863159, 1.6353636302947998, 1.609358171081543, 1.5892059997558594, 1.577154554748535, 1.5688907112121582, 1.5502495950698854, 1.5341353002548217, 1.5338538015365601, 1.5208884803771974, 1.5015123207092285, 1.5019084289550781, 1.4841032884597778, 1.4813703750610352, 1.4816884155273438, 1.4684725116729735, 1.4570181190490723, 1.467262395477295, 1.4426179485321045, 1.4420759017944336, 1.4414299110412598, 1.4347395313262938, 1.435573341369629, 1.4190727600097657, 1.4244496849060058, 1.4347003870010375, 1.4160101356506347, 1.4059748260498046, 1.4022838706970215, 1.4031801267623902, 1.3904441028594972, 1.4030802167892455, 1.3899366050720214, 1.3913765731811523, 1.3876692569732667, 1.3841711656570435, 1.3853501522064209, 1.379457099723816, 1.3780405406951903, 1.3820240882873536, 1.373431431388855, 1.3676294456481934, 1.36453684425354, 1.3642673082351684, 1.366679284286499, 1.35806001663208, 1.3634943439483642, 1.3560673959732055, 1.351660320663452, 1.3502143823623658, 1.3558858850479125, 1.3487051025390624, 1.3487234188079833, 1.341650824737549, 1.3438302295684814, 1.3447618965148926, 1.342542001724243, 1.3463260314941405, 1.336575942993164, 1.3398112785339356, 1.3358418878555298, 1.3464021141052247, 1.3405788583755494, 1.3343674810409545, 1.3353229537963867, 1.3263089628219604, 1.3322295291900634, 1.3235113380432129, 1.3237430366516114, 1.3254461503982544, 1.3189176708221435, 1.3168732482910157, 1.3248682231903077, 1.3151882080078126, 1.3188041687011718, 1.3130756786346436, 1.3179394861221314, 1.3153618545532226, 1.312124435043335, 1.317192200088501, 1.3137404232025147, 1.3180136589050293, 1.305523020172119, 1.307383336830139, 1.3059297414779663, 1.3043702436447144, 1.3038709806442261, 1.3024261350631714, 1.303322248840332, 1.2963034931182862, 1.3092212526321412, 1.299322993850708, 1.299034227180481, 1.2979514268875123, 1.2961653171539307, 1.3008107316970825], "val_acc": [0.3494, 0.3737, 0.3948, 0.3971, 0.4148, 0.424, 0.441, 0.4423, 0.4512, 0.4445, 0.4622, 0.4565, 0.4549, 0.4634, 0.4729, 0.4747, 0.4779, 0.4798, 0.4782, 0.4835, 0.4812, 0.4821, 0.4927, 0.4944, 0.4876, 0.497, 0.4866, 0.4955, 0.495, 0.4987, 0.4967, 0.5006, 0.5028, 0.5008, 0.5064, 0.4967, 0.5093, 0.5038, 0.51, 0.5149, 0.5079, 0.5111, 0.5142, 0.5116, 0.5124, 0.512, 0.5152, 0.5156, 0.5161, 0.5201, 0.516, 0.5183, 0.5218, 0.523, 0.5176, 0.5223, 0.519, 0.5231, 0.5216, 0.5265, 0.5266, 0.5207, 0.5216, 0.526, 0.5257, 0.5239, 0.5251, 0.5259, 0.5244, 0.5303, 0.5261, 0.5299, 0.5348, 0.5288, 0.5332, 0.5293, 0.5283, 0.5331, 0.5323, 0.5336, 0.5292, 0.5314, 0.5355, 0.5331, 0.5308, 0.5306, 0.5371, 0.5339, 0.5393, 0.5359, 0.5364, 0.5369, 0.5374, 0.5399, 0.5365, 0.5401, 0.543, 0.5388, 0.5403, 0.5382], "loss": [2.0472205517959594, 1.8801860055160522, 1.8066746383666992, 1.7596921575546265, 1.722104004173279, 1.6917619379043578, 1.6691982117462159, 1.6454911783599853, 1.628794437866211, 1.6115578646087647, 1.594960463256836, 1.58128975856781, 1.5710497972488404, 1.5565176949310302, 1.5429979903411866, 1.5349089334487915, 1.523881584663391, 1.5153914600753784, 1.5069799459075928, 1.4958626919174194, 1.4902993990707398, 1.4823653789520264, 1.4732841875839233, 1.4659885529327392, 1.4582552236938477, 1.4517712001800538, 1.4464309256744385, 1.4395069545745849, 1.433135587234497, 1.4262054053878783, 1.4222605572128295, 1.4189909786224366, 1.4124473392486572, 1.406593929786682, 1.399458061027527, 1.3968207314682006, 1.3906418091201782, 1.3885436195373535, 1.3814495510864258, 1.3783435224151612, 1.373873458518982, 1.3693884074783325, 1.3666216912841798, 1.362061188430786, 1.3588387535858155, 1.3535630146026612, 1.3484656391143799, 1.3454299417114257, 1.341039233970642, 1.339507823524475, 1.3377481811523437, 1.334489994316101, 1.3286245877075196, 1.3296889357757569, 1.3214294659042358, 1.3175516158676148, 1.313108900680542, 1.311474732131958, 1.3059606506729127, 1.3051778820037843, 1.3075355922317504, 1.3055682587051392, 1.298137068710327, 1.2951040711212158, 1.2951207836151124, 1.2911139836883545, 1.2889029049301148, 1.2853567567825317, 1.2838738958740235, 1.279141113243103, 1.2762319062042236, 1.2736018869781494, 1.2760885551834107, 1.2730795721435546, 1.2667681494140626, 1.2629198087692262, 1.2652817862319947, 1.262614323387146, 1.259851180076599, 1.2557862228393555, 1.2533260795593262, 1.2566253830718994, 1.2520962366104127, 1.245808581199646, 1.246295647277832, 1.2440602071762086, 1.2432950280380248, 1.2398475706100465, 1.2374807225418092, 1.2371847803115845, 1.2379846466064452, 1.2303167777633668, 1.2288856470489502, 1.2271067391586303, 1.225640797958374, 1.2230625480270385, 1.218386259613037, 1.2212134490203856, 1.2175440423965453, 1.2183442380523681], "acc": [0.2564200000190735, 0.32937999999046325, 0.35824000000953676, 0.37572000001907346, 0.3909600000190735, 0.40146000000953674, 0.41070000000953677, 0.4199800000190735, 0.4248000000190735, 0.43327999998092653, 0.44143999999046324, 0.4439799999809265, 0.4457800000190735, 0.453160000038147, 0.45672000003814694, 0.45847999999046324, 0.4667799999809265, 0.4668000000190735, 0.46815999996185303, 0.4747599999809265, 0.4760000000190735, 0.4778399999809265, 0.48074000000953676, 0.48404000000953673, 0.4880800000190735, 0.4881000000190735, 0.49110000003814697, 0.494379999961853, 0.495559999961853, 0.49743999998092653, 0.49836, 0.500299999961853, 0.504400000038147, 0.5051199999809265, 0.508480000038147, 0.51088, 0.510140000038147, 0.5135, 0.51458, 0.5150799999809265, 0.5160599999809266, 0.51656, 0.5192199999809265, 0.5203800000190735, 0.5212600000190735, 0.5249799999618531, 0.5239599999809265, 0.5267600000095367, 0.5281000000190735, 0.52942, 0.5285200000190735, 0.5313600000190735, 0.5310799999618531, 0.532580000038147, 0.5344600000190735, 0.5372799999809265, 0.5384399999809265, 0.5396799999809265, 0.5390200000190735, 0.5414000000381469, 0.5399600000190735, 0.5405599999809265, 0.544759999961853, 0.54534, 0.5436, 0.5472799999809265, 0.54614, 0.547819999961853, 0.548779999961853, 0.552020000038147, 0.5482600000190735, 0.5532, 0.550919999961853, 0.5531000000190734, 0.5529799999904632, 0.5557199999809265, 0.55326, 0.554139999961853, 0.5549600000190735, 0.560560000038147, 0.5571, 0.559039999961853, 0.561119999961853, 0.56208, 0.5604199999809265, 0.561539999961853, 0.563, 0.5639400000381469, 0.5644000000190735, 0.56644, 0.562120000038147, 0.568519999961853, 0.5682800000381469, 0.568700000038147, 0.56828, 0.5682999999809265, 0.5699200000190735, 0.5708000000190735, 0.5719399999809265, 0.571179999961853]}