{"val_loss": [1.8406660526275636, 1.7519865808486939, 1.7047626529693602, 1.674117024230957, 1.6316974014282226, 1.6088593994140625, 1.5818501382827759, 1.5727779724121094, 1.5477828420639037, 1.5166526531219482, 1.502907684326172, 1.4930954189300538, 1.4975541568756103, 1.4641923021316527, 1.4818617462158203, 1.4575666873931885, 1.4684262701034545, 1.4333180406570434, 1.4196763290405274, 1.4078986038208008, 1.4386095169067383, 1.4202885101318359, 1.409437300491333, 1.3934540662765502, 1.423422531890869, 1.3950968441009521, 1.3855564914703369, 1.3835166812896729, 1.3654871576309204, 1.399934168243408, 1.3988677282333375, 1.3682318655014039, 1.3438544578552245, 1.35385262966156, 1.3306022285461425, 1.341115192604065, 1.3297863708496094, 1.3313697551727295, 1.317880302810669, 1.3720781707763672, 1.3399425735473633, 1.3640500801086426, 1.3204073556900024, 1.3453055351257324, 1.3328089170455932, 1.3095318405151368, 1.3565555225372314, 1.3162332118988036, 1.3060311912536622, 1.3067619537353516, 1.3288234010696411, 1.297265315055847, 1.3099316032409667, 1.2917897438049317, 1.3043755802154542, 1.290216919708252, 1.285662463760376, 1.2945110221862792, 1.3164145153045654, 1.2923542491912843, 1.2711343292236328, 1.272018691444397, 1.2900850130081176, 1.252483689880371, 1.266842794418335, 1.2967504455566405, 1.2672849836349487, 1.3728757610321045, 1.2498026554107666, 1.2487378036499024, 1.2970647254943848, 1.3029630840301514, 1.2970413398742675, 1.307416588973999, 1.2803894657135009, 1.348667679977417, 1.3126272117614746, 1.3091054807662963, 1.3416158267974854, 1.2713722883224488, 1.2800717721939088, 1.2553536251068116, 1.2765889900207519, 1.2937091283798219, 1.3599490127563476, 1.2495831352233886, 1.30072787399292, 1.272555689048767, 1.3279874675750731, 1.2751164470672607, 1.282079119491577, 1.3095747383117675, 1.2865971536636354, 1.2659189895629883, 1.3029127281188966, 1.3090040599822999, 1.2774003723144531, 1.296928462600708, 1.2807087530136108, 1.2929016387939454], "val_acc": [0.3564, 0.3862, 0.4032, 0.41, 0.4222, 0.4394, 0.4442, 0.4471, 0.4603, 0.468, 0.469, 0.4745, 0.4767, 0.4836, 0.4741, 0.4829, 0.4828, 0.4947, 0.4973, 0.5055, 0.4874, 0.4934, 0.4962, 0.5072, 0.4877, 0.5063, 0.5137, 0.5055, 0.5132, 0.5001, 0.5038, 0.5182, 0.529, 0.5175, 0.5336, 0.5299, 0.5303, 0.526, 0.5299, 0.5101, 0.521, 0.5197, 0.5277, 0.5196, 0.5293, 0.5352, 0.5166, 0.5332, 0.54, 0.5408, 0.5265, 0.5404, 0.5367, 0.5415, 0.5413, 0.5414, 0.5427, 0.5442, 0.5359, 0.5422, 0.543, 0.5465, 0.5474, 0.5559, 0.553, 0.5354, 0.5533, 0.5264, 0.5522, 0.5607, 0.5462, 0.5436, 0.5468, 0.536, 0.5477, 0.5296, 0.5368, 0.5392, 0.5403, 0.5524, 0.5526, 0.5551, 0.5519, 0.5441, 0.5336, 0.5637, 0.5533, 0.5578, 0.5371, 0.5573, 0.5499, 0.5441, 0.5529, 0.5641, 0.5487, 0.5451, 0.5535, 0.5523, 0.5565, 0.5583], "loss": [2.010275948410034, 1.837921626586914, 1.7697259980010986, 1.719012327194214, 1.6826935106658936, 1.6494125610733033, 1.6237393017578126, 1.600464553565979, 1.5780476999282838, 1.5618762463760376, 1.542033500137329, 1.5256334646224976, 1.5085394345092773, 1.496776018447876, 1.4795769146347046, 1.46810619972229, 1.4535443679046631, 1.4438457461929322, 1.4279054428863525, 1.419073478088379, 1.4041093799591065, 1.3931897909545898, 1.3869248346328735, 1.3739153847503662, 1.366167852783203, 1.3583351567840576, 1.3490026358032225, 1.3338720875167847, 1.3289640125656128, 1.323171830253601, 1.3089596492767335, 1.301645760345459, 1.2970510962677002, 1.2851247193145752, 1.2808448834991455, 1.271164313659668, 1.258233203086853, 1.2561038592529297, 1.244732327232361, 1.2403300482940673, 1.2343719366455077, 1.22628937625885, 1.218099796295166, 1.2085786491394044, 1.2016509617614746, 1.1953795223236083, 1.1929468013763427, 1.1822012254714966, 1.1757582793045045, 1.1685661770248412, 1.16489494972229, 1.1557451937484742, 1.148521888961792, 1.1414957457733155, 1.135962787361145, 1.1296548107910156, 1.1251638371658326, 1.1125035057449342, 1.1120442923736573, 1.10945011844635, 1.1024373600387574, 1.0928708647155763, 1.0872221778488158, 1.0795843792724609, 1.0736762505340576, 1.06707485370636, 1.065443468170166, 1.0561563956069946, 1.0498459469223023, 1.0477995737457275, 1.0377387320137024, 1.0347346489715576, 1.0272321912384033, 1.0209634193038941, 1.0195553984069825, 1.009251541404724, 1.0038300800704956, 0.9989991236877441, 0.9951912493133545, 0.9860240249443054, 0.9816023342895508, 0.9768477671432495, 0.9745229386901856, 0.9678474702835083, 0.9600526951599121, 0.9548723828315735, 0.9523606100845337, 0.9375593313598632, 0.9342540412902832, 0.9324036869430542, 0.9253635240364074, 0.9249574521255494, 0.9163881418228149, 0.9123815573501587, 0.9050554446983338, 0.898766867351532, 0.8982928784370422, 0.8881812528991699, 0.8874233661270141, 0.8839352436828614], "acc": [0.27497999999046324, 0.34772000000953673, 0.3755, 0.39316, 0.4086199999904633, 0.41908, 0.427519999961853, 0.43694000001907346, 0.4480599999809265, 0.45192000000953675, 0.457700000038147, 0.4640199999904633, 0.46882, 0.47028000000953674, 0.47940000000953675, 0.48505999999046323, 0.48938, 0.4920400000190735, 0.49844000001907346, 0.5015399999809265, 0.5033199999809265, 0.5116999999809265, 0.512839999961853, 0.5158999999809265, 0.5217399999904633, 0.5222799999809266, 0.5235600000095367, 0.5307399999904633, 0.5329, 0.5354400000190734, 0.5407199999809266, 0.5406199999809265, 0.5432399999809265, 0.55022, 0.5498599999904633, 0.5516400000190735, 0.5578399999809265, 0.5601799999809265, 0.5625000000190735, 0.5649599999809265, 0.566320000038147, 0.5716000000190735, 0.5720399999809265, 0.576560000038147, 0.5790199999809265, 0.5813199999809265, 0.581860000038147, 0.586739999961853, 0.5887, 0.590400000038147, 0.590659999961853, 0.594680000038147, 0.59618, 0.599840000038147, 0.602479999961853, 0.6043399999809265, 0.606659999961853, 0.60964, 0.6085600000381469, 0.610439999961853, 0.6123399999618531, 0.614739999961853, 0.618140000038147, 0.6209200000190734, 0.6228, 0.62448, 0.6253399999618531, 0.630600000038147, 0.63024, 0.632680000038147, 0.63786, 0.6383999999809266, 0.6378600000190735, 0.6418000000190734, 0.641740000038147, 0.6461399999809265, 0.64806, 0.649660000038147, 0.65218, 0.653680000038147, 0.6564000000190735, 0.65602, 0.657180000038147, 0.6588200000190735, 0.662660000038147, 0.6648800000190734, 0.6656600000190734, 0.6717000000190735, 0.67208, 0.6747999999809265, 0.673999999961853, 0.6734400000190734, 0.6782600000190735, 0.6808, 0.681580000038147, 0.683020000038147, 0.683999999961853, 0.687739999961853, 0.688559999961853, 0.6908799999809265]}