{"val_loss": [1.880198744392395, 1.782801650238037, 1.7494953136444091, 1.6850445348739624, 1.6531304946899414, 1.6199608520507813, 1.6083732860565185, 1.561479600906372, 1.5643048549652099, 1.5237383665084838, 1.5258424739837646, 1.5129476093292236, 1.4785679008483887, 1.4862293895721435, 1.474335971069336, 1.4448069976806641, 1.449251534843445, 1.4780087924957275, 1.4165388351440429, 1.4309193698883056, 1.4171860704421997, 1.4163519680023193, 1.3945165811538696, 1.5119373485565186, 1.400125318145752, 1.3850553033828736, 1.3756151878356933, 1.3807842323303223, 1.3601021389007568, 1.339881932067871, 1.3563524961471558, 1.3464201465606689, 1.3522979053497315, 1.353726881790161, 1.3566982398986815, 1.3196117500305176, 1.3343332077026366, 1.3330898456573486, 1.313534736251831, 1.328210316848755, 1.3525549354553223, 1.2957828176498414, 1.3140040761947631, 1.3049104347229004, 1.295758742904663, 1.3046583209991456, 1.334886407852173, 1.3203605066299438, 1.291775703239441, 1.2800185111999511, 1.319957001876831, 1.3142412273406983, 1.3581162155151367, 1.291226372909546, 1.343626552772522, 1.331779224395752, 1.2831950798034668, 1.3015309261322021, 1.2966577947616578, 1.3232379802703857, 1.3111229331970216, 1.3589991428375243, 1.3558880191802978, 1.3243316738128663, 1.2613520427703857, 1.3092903778076173, 1.2756432008743286, 1.265276679611206, 1.2573041524887085, 1.2784362327575685, 1.2928720859527587, 1.3921781457901001, 1.2879516036987304, 1.3356512302398682, 1.2866701828002929, 1.3263870992660522, 1.383731304550171, 1.2731614528656006, 1.2677510391235352, 1.2675055828094481, 1.2458115707397461, 1.2563484661102295, 1.2996173383712768, 1.3272513498306275, 1.2832654781341553, 1.3152085300445557, 1.3251003658294678, 1.3732609565734863, 1.2531087322235108, 1.3248528980255128, 1.3587957962036132, 1.2920065181732179, 1.2788917247772216, 1.2513158615112305, 1.304009984588623, 1.3247004783630372, 1.3439608097076416, 1.3623624263763427, 1.326406812095642, 1.2757780239105225], "val_acc": [0.3349, 0.3811, 0.3796, 0.4067, 0.4198, 0.4266, 0.4298, 0.4509, 0.4478, 0.4591, 0.452, 0.4658, 0.4784, 0.4737, 0.476, 0.4852, 0.4865, 0.4766, 0.4983, 0.4916, 0.4978, 0.4949, 0.5012, 0.4634, 0.5058, 0.5014, 0.5075, 0.5071, 0.5135, 0.5257, 0.5218, 0.5176, 0.5165, 0.5212, 0.5236, 0.5361, 0.5249, 0.5266, 0.5391, 0.5294, 0.5228, 0.5421, 0.5348, 0.5395, 0.5397, 0.536, 0.5233, 0.5387, 0.5413, 0.5459, 0.5299, 0.5362, 0.5131, 0.5457, 0.5195, 0.5339, 0.5462, 0.5402, 0.5363, 0.536, 0.5361, 0.5236, 0.5294, 0.5338, 0.5562, 0.5423, 0.5443, 0.5557, 0.5574, 0.5524, 0.5447, 0.524, 0.5478, 0.5408, 0.554, 0.5342, 0.5233, 0.5571, 0.5609, 0.5576, 0.562, 0.561, 0.5457, 0.5444, 0.5548, 0.5492, 0.5439, 0.5319, 0.5648, 0.5502, 0.5354, 0.5538, 0.5528, 0.5678, 0.5507, 0.5472, 0.5451, 0.5437, 0.5496, 0.5679], "loss": [2.080129174118042, 1.8914323052978517, 1.8134896495819093, 1.7629490493011475, 1.7223225814819336, 1.6899483432006837, 1.660854838218689, 1.634532575111389, 1.6150681607437134, 1.594663126602173, 1.5739985416412354, 1.5567637401199341, 1.5404225485610963, 1.524413973121643, 1.507891315383911, 1.491999984817505, 1.480829896697998, 1.4662851901626588, 1.453859353942871, 1.443147273979187, 1.430496710662842, 1.4202151708602906, 1.407587599143982, 1.4019864237213135, 1.3840467751312255, 1.3775445398712158, 1.3639179443359375, 1.3519982172393799, 1.347045562362671, 1.3390923168563842, 1.3286908855819701, 1.3207545474243163, 1.3083037417602539, 1.3009567153549195, 1.2974106523132325, 1.2883317413711548, 1.279671616706848, 1.2685271593475342, 1.2636170025634765, 1.251212421951294, 1.2422231811904907, 1.2357945221710205, 1.2299465068054198, 1.2200845584869384, 1.212931169052124, 1.203842533340454, 1.1993695505523683, 1.193725454711914, 1.1905312714004517, 1.1752222341918945, 1.1711056705856324, 1.1638600875473022, 1.1563538315582276, 1.1487793988227843, 1.1456054891967773, 1.1373310288238525, 1.1290553815460205, 1.126401593208313, 1.1168163645553588, 1.1120748860168457, 1.1041530364227294, 1.0976000209045411, 1.0894513341140748, 1.0864263255691529, 1.0759408385467528, 1.0668650373077393, 1.0651750197601317, 1.0539720682525635, 1.0537789457321167, 1.0441496969223023, 1.0391279174804688, 1.0322645629119873, 1.0255186991882324, 1.0221996541976928, 1.0172947761917115, 1.0079086381912232, 1.0038003595161438, 0.9969977456855774, 0.9930111665725708, 0.9807631630325317, 0.978536872215271, 0.9686326412200927, 0.9602101864624023, 0.9625986797714233, 0.9506728825759888, 0.9468646412467957, 0.9413859440422058, 0.9343349154663086, 0.9315649189567566, 0.9249312921524048, 0.9183116130447387, 0.9077720927429199, 0.9053575959014892, 0.9000422148132324, 0.9016313203430176, 0.8903387456893921, 0.8830130075454712, 0.8805625622177125, 0.8773254543876648, 0.8659233202934266], "acc": [0.2375, 0.31692, 0.3518399999809265, 0.37155999999046324, 0.38377999999046325, 0.39842, 0.40863999999046324, 0.41802, 0.4272400000190735, 0.4344800000190735, 0.4403999999809265, 0.44754000000953675, 0.45253999998092653, 0.455859999961853, 0.4625200000190735, 0.46906, 0.47395999999046323, 0.4791199999809265, 0.4820399999809265, 0.48545999998092654, 0.49157999996185303, 0.49592000000953673, 0.49927999999046324, 0.500960000038147, 0.508819999961853, 0.5082600000095367, 0.5174199999809265, 0.5179199999809265, 0.52112, 0.5238200000190735, 0.5256200000190735, 0.5333799999809266, 0.5342799999809266, 0.53934, 0.5391999999809265, 0.5439, 0.5433199999809265, 0.549140000038147, 0.5492599999809266, 0.5551800000190735, 0.5578799999809265, 0.561360000038147, 0.564419999961853, 0.5650599999618531, 0.5688600000190734, 0.5711600000381469, 0.57118, 0.576199999961853, 0.577240000038147, 0.5812799999809265, 0.5821199999809266, 0.5834399999809265, 0.5878, 0.5907400000190735, 0.59104, 0.5950400000381469, 0.5978399999809265, 0.6003799999809265, 0.603719999961853, 0.6058800000095368, 0.6064800000190735, 0.60726, 0.6133799999809265, 0.6153400000381469, 0.616300000038147, 0.619800000038147, 0.620180000038147, 0.6268199999809265, 0.6238600000190735, 0.6295200000190735, 0.6302600000190735, 0.6317799999809265, 0.634399999961853, 0.635799999961853, 0.63634, 0.6423799999809265, 0.642900000038147, 0.646020000038147, 0.6478599999618531, 0.649720000038147, 0.651600000038147, 0.654000000038147, 0.65702, 0.6543200000190735, 0.6616400000381469, 0.659540000038147, 0.6647999999809265, 0.66558, 0.6674000000381469, 0.6714999999618531, 0.670680000038147, 0.6760800000381469, 0.6768400000190735, 0.6787399999618531, 0.6798399999618531, 0.6826599999809265, 0.6864799999809265, 0.68286, 0.68744, 0.6909800000190734]}