{"val_loss": [1.928917995071411, 1.8354115785598755, 1.7663353904724122, 1.7276368982315065, 1.6961187240600586, 1.6639386367797853, 1.646246792793274, 1.6331439151763916, 1.6084303722381592, 1.5902425632476807, 1.573690675163269, 1.5560491283416749, 1.5527997133255005, 1.525937080001831, 1.5478694566726685, 1.5126771102905274, 1.5245290805816651, 1.5129349702835082, 1.511969543838501, 1.4914514450073242, 1.485767294883728, 1.467282134437561, 1.4703862091064452, 1.4713260883331298, 1.4687563833236694, 1.4393327323913574, 1.4487654304504394, 1.4443137029647828, 1.4286468877792358, 1.4333559356689454, 1.4321088989257813, 1.4134832572937013, 1.452464472579956, 1.4228182598114014, 1.4057230213165284, 1.3999844385147096, 1.390829711341858, 1.4166012996673585, 1.4034522541046142, 1.388137435722351, 1.3754912105560302, 1.3785572023391723, 1.3826304180145264, 1.3588361873626709, 1.3789821800231934, 1.3725397954940797, 1.3544254890441894, 1.3724410459518432, 1.3456344232559203, 1.3569359157562255, 1.3603089118957519, 1.4228866903305053, 1.42482470703125, 1.3691923200607299, 1.3269226926803588, 1.3411395303726197, 1.366134328842163, 1.3596883003234863, 1.3516713863372802, 1.3312053607940675, 1.3530413372039796, 1.3467471336364747, 1.3393679737091064, 1.3580820045471191, 1.3599558382034302, 1.3423736225128173, 1.3822520889282226, 1.3485371829986572, 1.3482138227462768, 1.3371346286773682, 1.3039106994628906, 1.3217840627670288, 1.3185795488357543, 1.4147502519607544, 1.30143073387146, 1.3340492887496949, 1.3236808948516845, 1.3217593589782715, 1.368758157157898, 1.3139178619384766, 1.3287908981323242, 1.3205685091018677, 1.3200263906478882, 1.3456263032913207, 1.2962641729354858, 1.3068282550811767, 1.2917951063156128, 1.3149231258392333, 1.336196752357483, 1.3963753995895385, 1.310913974761963, 1.375751390838623, 1.3200664834976197, 1.3216865888595581, 1.348064644241333, 1.3056217779159547, 1.2815616596221924, 1.3298476224899292, 1.3045602703094483, 1.284390821647644], "val_acc": [0.319, 0.3626, 0.3816, 0.3928, 0.4014, 0.4218, 0.4228, 0.4254, 0.4356, 0.4376, 0.4399, 0.4542, 0.4588, 0.4641, 0.456, 0.4635, 0.4628, 0.4585, 0.4652, 0.4737, 0.4732, 0.4823, 0.473, 0.4754, 0.4791, 0.4925, 0.484, 0.4932, 0.4977, 0.4891, 0.4906, 0.4975, 0.4841, 0.4924, 0.5, 0.5008, 0.5122, 0.4918, 0.4987, 0.506, 0.5121, 0.5139, 0.504, 0.5185, 0.5125, 0.5148, 0.5189, 0.5158, 0.5211, 0.5163, 0.5203, 0.4909, 0.4945, 0.5126, 0.5294, 0.5222, 0.5204, 0.5122, 0.5214, 0.527, 0.5259, 0.5176, 0.5214, 0.5198, 0.5151, 0.5191, 0.5138, 0.5208, 0.5099, 0.527, 0.5351, 0.5331, 0.5306, 0.5081, 0.5343, 0.5202, 0.5285, 0.5344, 0.5239, 0.5326, 0.5282, 0.5351, 0.5333, 0.5226, 0.5413, 0.5397, 0.5392, 0.5347, 0.5275, 0.5184, 0.5372, 0.5142, 0.5315, 0.5366, 0.5301, 0.5416, 0.5427, 0.531, 0.542, 0.5425], "loss": [2.0872021602630615, 1.9205061068344116, 1.8527197328948974, 1.8031990963745117, 1.7688194928741454, 1.7370767380142211, 1.7144181290054321, 1.68869772064209, 1.670923427658081, 1.6540935291290284, 1.6358474178314208, 1.6212408096313478, 1.6060723078155517, 1.5947461058807373, 1.577826981124878, 1.5687861143493653, 1.5574388130187988, 1.5455497225570678, 1.5386374026107787, 1.5257088858795167, 1.5169550865936279, 1.5079260565567016, 1.4982813800048829, 1.4873673862457275, 1.4793756966400147, 1.47354921459198, 1.4661677736282348, 1.4601206591033935, 1.4524779027938843, 1.4439147047805787, 1.4403828782272339, 1.428349266319275, 1.4240462002563476, 1.4210454558944703, 1.4140188401031495, 1.4064877410507202, 1.4004339841461182, 1.394183426437378, 1.3889250993347169, 1.3856207229995727, 1.374200094871521, 1.373351156387329, 1.3648962602996826, 1.3606821754455567, 1.358954976158142, 1.3507719283676147, 1.3443473279571534, 1.3437276152801514, 1.3369884769439697, 1.3295107486724853, 1.3276580823516846, 1.3226216973114013, 1.3149321477127076, 1.3149425704193116, 1.3094714181137086, 1.3035692422485352, 1.2975020125579835, 1.2962895853424072, 1.2911113410568238, 1.2897668376922606, 1.2801265794372558, 1.2794136458587646, 1.2750448030853272, 1.272557925491333, 1.2656661825942994, 1.261702974205017, 1.2599505777740478, 1.2575582287597655, 1.2514483027267456, 1.246863656539917, 1.2465952681732178, 1.2400007678222655, 1.2380949950790405, 1.232973999786377, 1.227611142349243, 1.221736541481018, 1.2209575747680663, 1.218701947517395, 1.2130306916427613, 1.2079388597488403, 1.206807163925171, 1.20284903881073, 1.2014527338027954, 1.1949937861251831, 1.194527579460144, 1.194607576560974, 1.1850669477844238, 1.1856001736068726, 1.1828730866241455, 1.1784622562789917, 1.176448412094116, 1.1694834955596924, 1.172127801170349, 1.1703519918823242, 1.1665690729522704, 1.1606969443511963, 1.155054787826538, 1.152891484260559, 1.1526423875808716, 1.1478484315490722], "acc": [0.23816000000953674, 0.30972, 0.3370200000190735, 0.35736, 0.3730999999809265, 0.38288000000953676, 0.39123999999046327, 0.4018999999809265, 0.4061199999809265, 0.4156399999809265, 0.42368000001907347, 0.42924000000953677, 0.43344000000953675, 0.43844, 0.44383999999046325, 0.44438000001907346, 0.44982000001907346, 0.4558599999809265, 0.45696, 0.46114000001907346, 0.4682600000190735, 0.47033999996185305, 0.469, 0.47329999999046324, 0.4774999999904633, 0.47684000000953675, 0.481580000038147, 0.4814400000190735, 0.4885799999809265, 0.4918600000190735, 0.48868000001907347, 0.49310000003814697, 0.49994000001907346, 0.4996400000190735, 0.502360000038147, 0.50266, 0.504839999961853, 0.50954, 0.51188, 0.50888, 0.51486, 0.5168799999809265, 0.51578, 0.51862, 0.5194999999809266, 0.52286, 0.52404, 0.5241999999904633, 0.5290399999809265, 0.5316599999904632, 0.528379999961853, 0.5328000000095368, 0.534540000038147, 0.5337400000381469, 0.53862, 0.540940000038147, 0.542760000038147, 0.5400999999809265, 0.5432799999904633, 0.54366, 0.5484000000381469, 0.54588, 0.548719999961853, 0.549979999961853, 0.5526999999809266, 0.5548399999809265, 0.553260000038147, 0.5530600000190735, 0.5570399999809265, 0.5564800000190735, 0.5597800000190735, 0.561080000038147, 0.560440000038147, 0.564320000038147, 0.56468, 0.5653800000381469, 0.5684400000190735, 0.569419999961853, 0.571299999961853, 0.5727200000190735, 0.5707200000381469, 0.5713999999809265, 0.57284, 0.5761599999618531, 0.5746800000190735, 0.5743000000190734, 0.5790599999809265, 0.579880000038147, 0.582319999961853, 0.580580000038147, 0.58368, 0.5842000000190735, 0.5830400000381469, 0.584200000038147, 0.5844800000381469, 0.58694, 0.5884799999618531, 0.5896400000190735, 0.593280000038147, 0.5927]}