{"val_loss": [2.270428645324707, 2.237341194152832, 2.203214772415161, 2.164691145324707, 2.1260423553466796, 2.092041339111328, 2.061568147277832, 2.037235216140747, 2.016049900817871, 1.9978298603057862, 1.9817838962554932, 1.9677944456100465, 1.9551831014633179, 1.9452833652496337, 1.935992123413086, 1.9277498249053955, 1.920395048713684, 1.9147610912322999, 1.9078434230804444, 1.9037160495758056, 1.8972926973342896, 1.893366307067871, 1.8892949827194214, 1.8846815980911256, 1.8811393230438231, 1.8774297348022462, 1.8736646648406983, 1.8697907787322998, 1.8668632024765015, 1.8628067180633545, 1.8592464500427246, 1.856175680923462, 1.8526869951248168, 1.8495665859222412, 1.846056810760498, 1.8437693332672118, 1.8402139781951905, 1.8375639642715453, 1.8340506038665771, 1.831418055343628, 1.8288269054412842, 1.8260563201904296, 1.823977696990967, 1.8206563703536986, 1.8176512420654296, 1.815625916481018, 1.814625680923462, 1.8108621395111084, 1.8084764478683473, 1.805327142906189, 1.8040269386291503, 1.8010285291671753, 1.7993088705062865, 1.7963360540390014, 1.7947432815551758, 1.7921958854675293, 1.7905104602813722, 1.7875190219879151, 1.786558823776245, 1.7829965955734253, 1.780938426589966, 1.779153237915039, 1.7765206253051757, 1.7752039852142334, 1.772553334236145, 1.7710176927566528, 1.7693508123397828, 1.7671683570861816, 1.7650641962051392, 1.7657710191726685, 1.7608662094116212, 1.7593718070983886, 1.7568437114715576, 1.7555222188949584, 1.7539297546386718, 1.75214700050354, 1.748981882095337, 1.7470378143310548, 1.746040941619873, 1.7439373695373535, 1.7420309772491456, 1.7402873014450073, 1.737699732208252, 1.736246869468689, 1.7349487968444823, 1.7327037700653076, 1.730849821472168, 1.7294625442504883, 1.727449077987671, 1.7263323638916015, 1.7233897867202759, 1.7216138439178468, 1.7214468336105346, 1.718933080291748, 1.7164661367416383, 1.71540911693573, 1.7137862745285035, 1.7115187305450439, 1.7106234146118164, 1.7085525756835938], "val_acc": [0.1942, 0.2506, 0.2497, 0.2739, 0.2776, 0.2819, 0.306, 0.2994, 0.2931, 0.3054, 0.3047, 0.3039, 0.3092, 0.3112, 0.3153, 0.3174, 0.3177, 0.3131, 0.324, 0.32, 0.3283, 0.3297, 0.3333, 0.3339, 0.3296, 0.3349, 0.3409, 0.3385, 0.3402, 0.3447, 0.3466, 0.3455, 0.3454, 0.3477, 0.3482, 0.3508, 0.354, 0.3508, 0.3535, 0.3529, 0.3533, 0.3551, 0.3582, 0.3577, 0.3593, 0.3608, 0.3612, 0.3597, 0.362, 0.3647, 0.3695, 0.3655, 0.3665, 0.3671, 0.3711, 0.3678, 0.3653, 0.37, 0.3727, 0.372, 0.3691, 0.3742, 0.3747, 0.3747, 0.375, 0.3762, 0.3746, 0.3735, 0.3778, 0.3769, 0.3825, 0.3812, 0.3796, 0.3829, 0.3834, 0.3842, 0.3838, 0.3845, 0.3846, 0.3852, 0.3858, 0.3862, 0.3885, 0.387, 0.3864, 0.3898, 0.3914, 0.389, 0.3931, 0.3881, 0.3911, 0.3937, 0.3914, 0.3933, 0.3935, 0.3953, 0.3945, 0.3978, 0.3973, 0.3982], "loss": [2.347580460662842, 2.3046854847717286, 2.2684990130615232, 2.2267248637390136, 2.185968048248291, 2.1513004579162596, 2.1148076150512694, 2.090612608795166, 2.0697001025772095, 2.0486852396011352, 2.032956308898926, 2.0172128805923464, 2.002323348045349, 1.991333819732666, 1.9815546435165405, 1.9727870839691162, 1.9659285724258422, 1.958291823425293, 1.9534912322998046, 1.9452198650360106, 1.9396389472198485, 1.938079705581665, 1.9306570780944825, 1.9262905197906495, 1.9217171908569335, 1.917529258995056, 1.9126325622940064, 1.9093998917388917, 1.9058155666732788, 1.901451692276001, 1.898104972000122, 1.893540995826721, 1.8937122003173827, 1.8881318892669678, 1.884285114440918, 1.8815231423950196, 1.8799306601333619, 1.8755591046905518, 1.8731626615142822, 1.870602596054077, 1.8672747323608399, 1.86410994140625, 1.8631277575683594, 1.8576221883773805, 1.8561040982818604, 1.852525484313965, 1.851474996986389, 1.8485192873382568, 1.8476916274261475, 1.841224919052124, 1.8419082736206054, 1.8395637776947023, 1.8359708871841431, 1.8354989752578736, 1.832464700088501, 1.8305559978866577, 1.829318014907837, 1.8255462166976928, 1.823052865600586, 1.8202894707489015, 1.8188260513305663, 1.8163888879013061, 1.8141455068206787, 1.8123548580551148, 1.8108226650619508, 1.809774316444397, 1.80856827545166, 1.8083191708374022, 1.8046440282821656, 1.8015493209075928, 1.8014733907699585, 1.7964442580413817, 1.7955998456573485, 1.7972565491104127, 1.794103391418457, 1.7895773952865601, 1.7891088012313843, 1.7871171978378295, 1.7862935549163819, 1.7839464017105102, 1.7813919158935547, 1.7794967175674439, 1.7781518384552002, 1.7772091903305054, 1.7746728212738037, 1.7726837329101564, 1.7715490290832518, 1.7688372176742553, 1.7684218814849852, 1.7654275562286377, 1.7629108237457276, 1.762790888671875, 1.759519951095581, 1.7589528045654297, 1.7567887325286866, 1.7567269372558594, 1.7544913803863524, 1.7521902404403686, 1.7522795247650147, 1.7524295337677003], "acc": [0.10807999999761582, 0.12650000000953673, 0.14631999999523163, 0.16966000000953674, 0.18766, 0.19882000000476838, 0.21712000000953674, 0.22760000000953676, 0.23426, 0.24313999999523161, 0.2510799999809265, 0.2598999999809265, 0.2675, 0.26975999998092653, 0.27628000000953673, 0.2823200000095367, 0.28357999999046324, 0.28566000000953673, 0.29001999998092653, 0.2955799999952316, 0.29755999999523164, 0.29645999999046324, 0.30397999999046327, 0.30196000001907347, 0.3073000000095367, 0.30954, 0.31072000001907346, 0.31326, 0.31411999999046325, 0.31452, 0.31727999999046325, 0.3191799999809265, 0.3191200000190735, 0.3226200000190735, 0.32494, 0.3231200000190735, 0.32749999999046325, 0.32919999999046323, 0.32909999998092654, 0.32991999999046323, 0.32964000000953675, 0.3308799999809265, 0.33375999998092654, 0.3357400000190735, 0.3371799999809265, 0.3404399999809265, 0.3395800000190735, 0.33884000000953673, 0.3374400000190735, 0.34016, 0.3390999999809265, 0.34052, 0.34374000000953675, 0.3431600000190735, 0.3441199999809265, 0.3450000000190735, 0.3462400000190735, 0.34753999999046326, 0.3470999999809265, 0.35058, 0.35002000000953676, 0.35146, 0.3498200000095367, 0.35294000000953674, 0.35187999999046327, 0.35697999999046326, 0.3530400000190735, 0.3539999999809265, 0.35810000000953673, 0.3583199999809265, 0.3577799999809265, 0.3597199999809265, 0.36040000001907346, 0.3596, 0.3595800000095367, 0.36296000001907347, 0.35878, 0.36317999999046324, 0.3649400000190735, 0.3625800000095367, 0.3649999999809265, 0.36664, 0.3676600000190735, 0.36591999999046326, 0.36738000000953674, 0.36699999999046323, 0.3687, 0.3701999999809265, 0.36992000000953673, 0.37056000001907347, 0.37102, 0.37100000000953676, 0.3704799999809265, 0.37157999999046326, 0.3730799999809265, 0.3749, 0.37521999999046324, 0.37500000001907347, 0.37388, 0.37429999999046326]}