{"val_loss": [1.9738429527282715, 1.8754650688171386, 1.796403728866577, 1.697253674697876, 1.6176800094604493, 1.609909770965576, 1.5012649349212646, 1.4624616718292236, 1.4302140510559083, 1.3851873832702637, 1.3509189682006837, 1.3262540904998779, 1.3046163757324218, 1.3046591497421265, 1.26114321269989, 1.249075127220154, 1.2276806510925293, 1.220973568725586, 1.1985049953460694, 1.1992792547225952, 1.1825472455978394, 1.1875411222457886, 1.1996246519088745, 1.1442381092071534, 1.1412287300109862, 1.1225331869125366, 1.1091558797836303, 1.1021823770523071, 1.1019297925949096, 1.0816034801483154, 1.075192349243164, 1.0645602527618407, 1.0592835289001465, 1.0346472526550292, 1.0361263618469239, 1.0224280057907105, 1.0148808553695678, 1.0028606071472168, 0.9994306573867798, 0.9962238512039184, 0.9899102123260498, 0.9936077680587768, 0.9783170901298522, 0.9779792671203613, 0.9583575660705567, 0.9550661087036133, 0.9514225410461425, 0.9435736122131347, 0.9341505995750428, 0.9367411510467529, 0.9266395147323608, 0.9225475974082947, 0.9244691110610962, 0.913134654712677, 0.9175361625671387, 0.9071713397026062, 0.9020386563301086, 0.8986331080436707, 0.9061586145401, 0.889814402294159, 0.8972617790222168, 0.8852709222793579, 0.8879428401947022, 0.8806668869018555, 0.8789064615249634, 0.8828566738128663, 0.8764125612258911, 0.8646801083564758, 0.8633415247917176, 0.8702872207641602, 0.8716637928009033, 0.8537199468612671, 0.850036375617981, 0.8431843481063843, 0.8420019177436828, 0.8412991680145264, 0.8508808541297913, 0.8529392601966858, 0.8338132084846497, 0.8341053462982178, 0.8365379540443421, 0.8249201694488525, 0.821976697063446, 0.8215201171875, 0.8195346501350402, 0.8225030010223389, 0.825873189163208, 0.81904271068573, 0.8129140762329101, 0.8161973136901856, 0.8080372516632081, 0.8064566346168518, 0.8138141159057617, 0.806641516494751, 0.8019371713638306, 0.7996425490379333, 0.7940768818855286, 0.7985758893966675, 0.7976909191131591, 0.799816295337677], "val_acc": [0.305, 0.3411, 0.3689, 0.4027, 0.4251, 0.4309, 0.467, 0.4734, 0.4881, 0.5061, 0.5232, 0.5315, 0.5386, 0.54, 0.5488, 0.5617, 0.5619, 0.5717, 0.5786, 0.5768, 0.5755, 0.5804, 0.5787, 0.5983, 0.5995, 0.6035, 0.6112, 0.6128, 0.6146, 0.6236, 0.6207, 0.6299, 0.6238, 0.6366, 0.6379, 0.6403, 0.649, 0.6498, 0.6478, 0.6513, 0.6551, 0.652, 0.6601, 0.66, 0.6644, 0.6691, 0.6669, 0.671, 0.6725, 0.6709, 0.679, 0.6793, 0.6769, 0.6832, 0.6815, 0.6835, 0.6832, 0.688, 0.681, 0.69, 0.6882, 0.6892, 0.6904, 0.6996, 0.6943, 0.6982, 0.6965, 0.7027, 0.6998, 0.7006, 0.6978, 0.7014, 0.7077, 0.7111, 0.7106, 0.7079, 0.7068, 0.7089, 0.7105, 0.7115, 0.7096, 0.7156, 0.7172, 0.7152, 0.7154, 0.7193, 0.7169, 0.7193, 0.7214, 0.7195, 0.7217, 0.7229, 0.72, 0.7242, 0.7232, 0.7249, 0.7274, 0.7274, 0.725, 0.7232], "loss": [2.1760031574249266, 1.9934465294647217, 1.9042143080902099, 1.8222221025848389, 1.7547634216308594, 1.6935390546035767, 1.6360514269638062, 1.5836586375808717, 1.5363305628204347, 1.496210389175415, 1.461327113761902, 1.4330280474090575, 1.4081586407089233, 1.381726477432251, 1.3655297598266602, 1.3436985733413696, 1.330481272544861, 1.3120337900543213, 1.2950035456466675, 1.2781557283782958, 1.2636247649002075, 1.2494890826797485, 1.2364368933486938, 1.2234863126373292, 1.2124216130828858, 1.200654915122986, 1.1820083033752442, 1.1727906604766847, 1.1621607111358643, 1.1509171229171753, 1.142037474708557, 1.1271051274490356, 1.1188023642730713, 1.1041686303520202, 1.0966226718521117, 1.0846260149383544, 1.0724724309158324, 1.0685678707122803, 1.0534662846755982, 1.041889624519348, 1.0400921653556823, 1.0323579933929443, 1.0210488596725464, 1.0149615452575684, 1.0011352472686768, 0.9975299624633789, 0.9869371745300293, 0.9838290106391907, 0.9716572619438172, 0.9661314929008484, 0.9595712870788574, 0.9545853954315185, 0.9451028033447265, 0.9409888635444641, 0.9303488570404053, 0.9238945188522338, 0.9201441191291809, 0.914474872970581, 0.907222050819397, 0.9012855034065247, 0.896070860157013, 0.8863496093559265, 0.8761870404052734, 0.8780937651824952, 0.8673983116531372, 0.8626511594772339, 0.8542551545906066, 0.8526272212028504, 0.8512075619316101, 0.8412435066413879, 0.841351868019104, 0.8298993174362183, 0.8278820419502259, 0.8190475498962402, 0.8170303483581542, 0.8104399505233765, 0.807245639705658, 0.7955705476760864, 0.7920001186943054, 0.7844194927597046, 0.780469093875885, 0.7787050233840942, 0.7734005710983276, 0.7656538454246521, 0.7595654354286194, 0.7575350180435181, 0.7547389303207398, 0.7502320665168762, 0.7424896231651306, 0.7339946572303772, 0.7315917485618592, 0.7295407020187378, 0.7270384311103821, 0.7213366806411743, 0.7107634033584594, 0.7056845457839965, 0.7039454110336304, 0.6959257050132751, 0.6896476986122131, 0.6916140876960755], "acc": [0.18738000000953675, 0.2759, 0.3169599999809265, 0.3506799999809265, 0.3741999999809265, 0.39661999999046327, 0.4127599999809265, 0.4324, 0.447259999961853, 0.4593400000190735, 0.47380000001907346, 0.48818000001907347, 0.4934400000190735, 0.502899999961853, 0.508520000038147, 0.517399999961853, 0.523359999961853, 0.531680000038147, 0.5362, 0.5441000000190734, 0.5491400000190735, 0.5535199999618531, 0.5577199999904633, 0.5625200000190735, 0.5673600000190735, 0.5708399999809265, 0.578839999961853, 0.5821799999809265, 0.58648, 0.5904599999809265, 0.5950400000190735, 0.5983999999809265, 0.6015399999809266, 0.6071200000190735, 0.6103399999809265, 0.614859999961853, 0.6168199999809265, 0.6205199999809266, 0.62602, 0.6316, 0.630600000038147, 0.6343400000190735, 0.636860000038147, 0.6411799999809266, 0.6436000000190735, 0.64748, 0.6521000000190735, 0.652839999961853, 0.65584, 0.6598799999809265, 0.659680000038147, 0.6615799999809265, 0.6650199999809265, 0.667200000038147, 0.6728399999618531, 0.673339999961853, 0.672479999961853, 0.677679999961853, 0.6804000000381469, 0.68132, 0.682860000038147, 0.68468, 0.691560000038147, 0.6879599999809265, 0.692559999961853, 0.69592, 0.6957400000190734, 0.6979400000381469, 0.6972999999809265, 0.701080000038147, 0.704199999961853, 0.7068200000381469, 0.7055399999809265, 0.7111399999618531, 0.7110199999809265, 0.711300000038147, 0.71396, 0.719980000038147, 0.7198399999809265, 0.7235400000190735, 0.723119999961853, 0.7257999999809265, 0.725859999961853, 0.7286800000190735, 0.7327199999809265, 0.731520000038147, 0.7330800000190735, 0.7352400000381469, 0.73844, 0.7405400000190735, 0.740959999961853, 0.7404799999809265, 0.7439600000190735, 0.7441199999809265, 0.748179999961853, 0.750960000038147, 0.7501200000190735, 0.752140000038147, 0.75486, 0.7531400000190734]}