{"val_loss": [2.015286227989197, 1.947838522720337, 1.9102624254226686, 1.8850572345733643, 1.8694184169769288, 1.8544661911010742, 1.8382416116714477, 1.824926659011841, 1.8118326721191407, 1.802591259765625, 1.7920541339874267, 1.7845626993179322, 1.7748374557495117, 1.7637327142715453, 1.7570884832382203, 1.7456610237121581, 1.7374698738098144, 1.7304649871826172, 1.724100568008423, 1.7150421449661255, 1.7091239974975585, 1.7037596641540527, 1.6954370199203492, 1.6885685085296631, 1.6892781665802001, 1.679244691848755, 1.675884289932251, 1.6679049757003783, 1.6686551120758057, 1.6599868827819824, 1.6564534673690796, 1.652339125061035, 1.6482140394210816, 1.6464341232299804, 1.641006058883667, 1.6405931692123412, 1.6335433448791503, 1.6313261590957642, 1.6286341020584107, 1.6244522552490235, 1.621792739868164, 1.620987574005127, 1.6153367637634277, 1.6120430747985839, 1.609493791770935, 1.607127250289917, 1.603952791595459, 1.603947613143921, 1.597609602355957, 1.593855860519409, 1.594559373474121, 1.5894775699615478, 1.5898690757751466, 1.5834261825561524, 1.5827199188232421, 1.5778669109344483, 1.5754936798095702, 1.575549255180359, 1.5723316173553468, 1.5728544675827025, 1.5705207874298095, 1.5655456300735473, 1.563308528137207, 1.5606725231170655, 1.558236834716797, 1.5555187023162842, 1.5517395601272583, 1.549606727218628, 1.550172747039795, 1.5479541179656982, 1.5422829036712646, 1.5419341232299804, 1.5393086585998534, 1.5373574117660522, 1.5343056030273436, 1.535671470451355, 1.5308546535491943, 1.5306359395980835, 1.5283213716506958, 1.5242709922790527, 1.5253347774505615, 1.5199291049957275, 1.5178328861236572, 1.517712314605713, 1.5163226650238038, 1.5143648458480834, 1.5116201095581054, 1.5097137645721435, 1.50858316116333, 1.5061996961593629, 1.5049984943389894, 1.504743264579773, 1.5034136465072632, 1.5018551654815673, 1.4986774402618408, 1.49775793800354, 1.4956673000335694, 1.4948224494934081, 1.4932687965393066, 1.4899673069000243], "val_acc": [0.2874, 0.3191, 0.3328, 0.3519, 0.3478, 0.3571, 0.3598, 0.3632, 0.3706, 0.3738, 0.3835, 0.3801, 0.38, 0.3865, 0.3892, 0.3936, 0.3956, 0.3974, 0.3984, 0.3994, 0.4032, 0.4055, 0.409, 0.4094, 0.4085, 0.41, 0.4131, 0.4179, 0.4171, 0.4215, 0.4199, 0.4238, 0.4249, 0.4266, 0.4302, 0.4248, 0.4338, 0.4324, 0.4307, 0.4373, 0.436, 0.4355, 0.4385, 0.4377, 0.4398, 0.4425, 0.4419, 0.4433, 0.4463, 0.4474, 0.447, 0.4492, 0.4454, 0.452, 0.4518, 0.4531, 0.4561, 0.4532, 0.4559, 0.4532, 0.4523, 0.4576, 0.4595, 0.4562, 0.4593, 0.4624, 0.4632, 0.4617, 0.4627, 0.4598, 0.4647, 0.4651, 0.4649, 0.4641, 0.4642, 0.4648, 0.47, 0.4661, 0.4668, 0.4695, 0.4648, 0.4713, 0.4694, 0.4715, 0.47, 0.4702, 0.4737, 0.4736, 0.4727, 0.4731, 0.4717, 0.4737, 0.4737, 0.4764, 0.4772, 0.4774, 0.4792, 0.4773, 0.4769, 0.4814], "loss": [2.2395915968322755, 2.061095939788818, 2.0009722159576415, 1.9703262061309814, 1.9431755445861816, 1.9212030945587157, 1.904514566307068, 1.8913831219100952, 1.8774256610107423, 1.8659740869140624, 1.8594019665908814, 1.8478790700912475, 1.8360942596435548, 1.8276612380981445, 1.8237939499282836, 1.812224414100647, 1.8026834990692138, 1.79730125831604, 1.7891075766372682, 1.781677684364319, 1.7764120193099975, 1.769199077682495, 1.7636902936172485, 1.757184595413208, 1.7531374457550049, 1.7434659876251222, 1.7414827236175536, 1.736464977684021, 1.735082869758606, 1.7235175885391236, 1.7235078577423095, 1.71823026763916, 1.714148462791443, 1.7110272661209107, 1.7097910565185548, 1.7051403271865844, 1.702829049911499, 1.6974872765350342, 1.6936741598510743, 1.6916479975128174, 1.6857514922332764, 1.6837042082977296, 1.682628148803711, 1.672251868057251, 1.6741342325592041, 1.669183758468628, 1.6672097564315795, 1.6656701195144654, 1.6607015224456787, 1.6579348613739013, 1.6558803274154663, 1.65281116897583, 1.6498619451141356, 1.647082183189392, 1.6402547679901123, 1.6402349609375, 1.637049916419983, 1.6350370267486571, 1.6350769184112548, 1.6310435766983031, 1.628448984413147, 1.6261037522125243, 1.620874617881775, 1.6196874239349366, 1.618831343650818, 1.6133341805648804, 1.6100570345306398, 1.6096500878143312, 1.605056626815796, 1.6024024053192139, 1.6021968447113037, 1.6002480432510375, 1.5965657775497437, 1.592975234375, 1.5914251385116578, 1.5884964147567748, 1.5874525234222412, 1.581612172203064, 1.5803339025497436, 1.5803979610443115, 1.5785873602294922, 1.5735653637313842, 1.5724546123123169, 1.5704999575042724, 1.5706027617645264, 1.5657972049331665, 1.5685937274932862, 1.5635686840820313, 1.5625289520645143, 1.5564072135162355, 1.5584203038787843, 1.556246361618042, 1.5537039833450317, 1.5529304174041747, 1.5469680001449584, 1.549008950996399, 1.54341514919281, 1.54190114692688, 1.5408865409851074, 1.5376391165924073], "acc": [0.17759999999046325, 0.2422, 0.2695199999809265, 0.2853399999904633, 0.29818000000953676, 0.3075400000190735, 0.31487999999046323, 0.32187999999046324, 0.32646, 0.3323400000190735, 0.3333, 0.3375000000190735, 0.34356000000953674, 0.34752000000953676, 0.34808000000953676, 0.35295999999046324, 0.3580599999809265, 0.3593199999809265, 0.36062000001907346, 0.3642800000190735, 0.36401999999046325, 0.36823999999046325, 0.3709, 0.3726400000190735, 0.37400000000953676, 0.37713999999046327, 0.37987999999046324, 0.37924, 0.38102000000953673, 0.38834, 0.38527999999046325, 0.38670000000953675, 0.3910800000190735, 0.39254000000953676, 0.3903600000190735, 0.39358, 0.3950600000095367, 0.39921999999046326, 0.39697999998092653, 0.39947999999046324, 0.39770000000953676, 0.40162, 0.40221999999046326, 0.4052600000190735, 0.4038400000190735, 0.4081600000095367, 0.40652000000953675, 0.4077600000190735, 0.40957999998092653, 0.4119799999809265, 0.41437999999046327, 0.41228000000953674, 0.4170400000095367, 0.41715999999046327, 0.41811999999046323, 0.41964, 0.41968000000953676, 0.41804, 0.41865999999046327, 0.4219400000190735, 0.4228799999809265, 0.42424000000953677, 0.4269200000095367, 0.42605999999046323, 0.4265000000190735, 0.4283199999904633, 0.42979999999046326, 0.42825999999046327, 0.42917999999046325, 0.4346400000190735, 0.43428000001907346, 0.4351600000190735, 0.43355999999046324, 0.4352599999904633, 0.4365399999904633, 0.43674, 0.4360199999809265, 0.44004000000953675, 0.43832, 0.44044000001907346, 0.4400599999809265, 0.44299999999046324, 0.442599999961853, 0.44245999999046326, 0.4447999999809265, 0.44315999998092653, 0.44406, 0.4442600000190735, 0.44300000000953677, 0.44772, 0.45062, 0.4469199999904633, 0.4459799999904633, 0.447720000038147, 0.44954000001907346, 0.45212, 0.45482, 0.45048, 0.45371999999046325, 0.45403999999046324]}