{"val_loss": [1.9429250959396362, 1.6847146461486817, 1.711726968383789, 1.5984722290039062, 1.5812658874511718, 1.5101186954498291, 1.4713268636703491, 1.5430308809280395, 1.4698808549880982, 1.429759906578064, 1.4220940616607667, 1.4774153547286988, 1.4753894538879395, 1.4221863834381103, 1.4097767011642457, 1.4017815620422363, 1.4060384197235107, 1.3554415576934815, 1.3906633640289308, 1.3241578018188476, 1.3363697658538818, 1.3825524436950685, 1.3829497415542602, 1.357777886581421, 1.3712581136703492, 1.2890434572219849, 1.3297422550201417, 1.2776158798217774, 1.363315029144287, 1.3382553615570068, 1.3055661409378052, 1.2923928255081176, 1.3176315309524536, 1.2861531520843505, 1.2847078468322755, 1.2813083192825316, 1.298860034942627, 1.3226642608642578, 1.3996425149917602, 1.2532600648880006, 1.334304288482666, 1.2514829025268555, 1.279902805709839, 1.2843011558532715, 1.317495209312439, 1.3044039440155029, 1.2790486421585083, 1.269915389251709, 1.3313215675354004, 1.2821237644195556, 1.2653840841293336, 1.3441811231613159, 1.2629156688690186, 1.2821905607223512, 1.3207017004013062, 1.2667508464813233, 1.2920548076629639, 1.2731648021697999, 1.293032685661316, 1.279260936164856, 1.3130446063995362, 1.3313508987426759, 1.2615706657409669, 1.3416977764129638, 1.2863001720428466, 1.3260805402755738, 1.300207922935486, 1.3365145946502686, 1.3158843774795532, 1.343302419090271, 1.3704819320678712, 1.3327373262405395, 1.3220894660949707, 1.3884179237365724, 1.4157964590072631, 1.3288491081237792, 1.3475407428741455, 1.3721304456710814, 1.446099807548523, 1.40181840133667, 1.3614681789398193, 1.3680955053329469, 1.3812350059509277, 1.4112912588119506, 1.3890988677978515, 1.437036541366577, 1.4644690767288209, 1.4147704387664795, 1.422212984085083, 1.400982420539856, 1.4157193857192993, 1.4603490207672118, 1.3727328205108642, 1.4532927200317383, 1.4244174854278564, 1.5222420955657958, 1.4643293975830078, 1.4730734539031982, 1.4561682498931885, 1.480889972305298], "val_acc": [0.288, 0.3997, 0.3764, 0.4228, 0.4338, 0.4585, 0.4781, 0.4416, 0.4692, 0.4918, 0.4888, 0.4729, 0.4639, 0.4907, 0.5024, 0.5003, 0.4927, 0.515, 0.5007, 0.5313, 0.5223, 0.5101, 0.5103, 0.5079, 0.5153, 0.5447, 0.5245, 0.5417, 0.5103, 0.5236, 0.5357, 0.538, 0.5276, 0.5443, 0.5445, 0.5478, 0.5425, 0.5257, 0.5127, 0.5525, 0.5319, 0.5583, 0.5473, 0.5526, 0.5355, 0.544, 0.5545, 0.5594, 0.5387, 0.5536, 0.5597, 0.5262, 0.5596, 0.5513, 0.5386, 0.5621, 0.5567, 0.5555, 0.5618, 0.5547, 0.5514, 0.5466, 0.5665, 0.548, 0.5649, 0.551, 0.5687, 0.55, 0.5665, 0.5608, 0.547, 0.5569, 0.5623, 0.5433, 0.5403, 0.5603, 0.5624, 0.5554, 0.5433, 0.5499, 0.5672, 0.5602, 0.5643, 0.5633, 0.5585, 0.5544, 0.5432, 0.5574, 0.5667, 0.5566, 0.5633, 0.5583, 0.5588, 0.5608, 0.5667, 0.5533, 0.5571, 0.5611, 0.5673, 0.5611], "loss": [1.9800372962188721, 1.7960661447143556, 1.7210278086090087, 1.66663284614563, 1.6233985996246338, 1.5938860043334961, 1.5557929236602783, 1.5317054595947266, 1.5042470930099487, 1.480824154434204, 1.4618579065322876, 1.4367176529693604, 1.4257256302261352, 1.4097194713974, 1.3865399572372437, 1.3766020185089112, 1.3534643433761597, 1.3394858618164063, 1.3253296203231812, 1.3141912580108643, 1.29981758228302, 1.2900716067123412, 1.2720362384033204, 1.25860946849823, 1.2482963442993165, 1.2365331095504761, 1.2250714985275268, 1.2124024649810792, 1.1975894107437133, 1.1887018988418578, 1.1756627382659912, 1.1683332808113098, 1.153610443344116, 1.145117311630249, 1.1341665190124512, 1.120487762928009, 1.1115271322250366, 1.1029485153961183, 1.0879215980529786, 1.0783808525848388, 1.0687165710830688, 1.0584767402648925, 1.0492706078338623, 1.0411136470603943, 1.025176457233429, 1.0165913635635375, 1.004828507118225, 1.001088108520508, 0.9861074157333374, 0.9789142202377319, 0.9665334958267212, 0.9556041708183288, 0.9518121448898316, 0.9379957995605469, 0.9320655223464965, 0.9215814799880981, 0.9154971528244018, 0.9012642554092407, 0.8893151632499695, 0.8882835180854798, 0.8781073300361634, 0.8673808460617065, 0.8551987936210632, 0.8455901879119873, 0.8414164712715149, 0.8286137434005737, 0.8198456381225586, 0.8191925013542175, 0.8050006439018249, 0.7922631449508667, 0.7894435382270814, 0.7853581682014465, 0.7701794917488098, 0.7663540248107911, 0.7600123885536194, 0.7444059428215026, 0.7381443113136291, 0.7316898488044739, 0.7340413926315308, 0.7127837523841858, 0.7083503730392456, 0.7019593086624145, 0.6914185571670532, 0.6877307355880737, 0.6796218869400025, 0.6749955185317993, 0.6708873215866089, 0.6577050069046021, 0.6507555261802673, 0.6401047175979614, 0.6384012377357483, 0.6354683916091919, 0.6284950842094421, 0.6183660553741455, 0.6160602585601807, 0.6083893934249878, 0.6042461572265625, 0.5949934397888184, 0.5858685108757019, 0.5815732265090943], "acc": [0.2797599999809265, 0.3598600000190735, 0.38511999999046326, 0.4054799999809265, 0.42067999998092653, 0.43138000000953675, 0.44465999998092653, 0.45475999998092653, 0.46404, 0.47368, 0.4786399999809265, 0.4882200000190735, 0.4922000000190735, 0.4955, 0.5046200000095368, 0.5106399999904633, 0.5163399999904632, 0.520179999961853, 0.528020000038147, 0.531000000038147, 0.5365599999904632, 0.538240000038147, 0.546380000038147, 0.5500999999809265, 0.553560000038147, 0.5586399999809265, 0.562420000038147, 0.566959999961853, 0.572339999961853, 0.57332, 0.58106, 0.583120000038147, 0.585459999961853, 0.5918, 0.595960000038147, 0.59926, 0.60048, 0.603279999961853, 0.611720000038147, 0.6138, 0.616199999961853, 0.6207599999809266, 0.62444, 0.62826, 0.633939999961853, 0.6337199999809265, 0.6388599999809265, 0.6391999999618531, 0.64648, 0.649219999961853, 0.6517399999618531, 0.6566000000190735, 0.6593000000190735, 0.6637200000190735, 0.66574, 0.66938, 0.669879999961853, 0.674979999961853, 0.6803199999809265, 0.67932, 0.682779999961853, 0.688139999961853, 0.6915800000190735, 0.69548, 0.698880000038147, 0.7026400000190735, 0.7037200000190735, 0.7057599999809265, 0.711840000038147, 0.71554, 0.713979999961853, 0.7164600000190735, 0.7230199999809265, 0.72304, 0.7259599999809265, 0.729499999961853, 0.7329800000190735, 0.7359800000190735, 0.7337200000190734, 0.741159999961853, 0.7440199999809265, 0.7473600000190734, 0.7474400000381469, 0.752540000038147, 0.757, 0.75578, 0.7578600000190735, 0.7613000000190735, 0.7651999999809265, 0.7690400000190735, 0.7694999999809266, 0.7716000000190735, 0.7731199999809265, 0.774560000038147, 0.7743200000190735, 0.779919999961853, 0.781439999961853, 0.7858600000381469, 0.788600000038147, 0.789020000038147]}