{"val_loss": [1.8752542404174806, 1.7938688148498536, 1.7484301607131958, 1.717429612159729, 1.6604107238769532, 1.632184275817871, 1.6056818572998046, 1.588107098007202, 1.5744415470123292, 1.5525896530151366, 1.5672627017974854, 1.5317710067749024, 1.529748020362854, 1.4895397714614869, 1.4941605186462403, 1.4839820936203003, 1.4793616508483887, 1.4573298160552979, 1.4686275142669678, 1.4319034004211426, 1.4343155780792236, 1.4360872930526734, 1.4246890378952026, 1.4206438735961915, 1.4034980419158936, 1.4174211318969727, 1.420012578201294, 1.387344582939148, 1.3793018617630004, 1.3992104276657105, 1.3844948511123658, 1.3835660320281982, 1.3753890127182007, 1.380026739883423, 1.3609951286315918, 1.3847977592468261, 1.372877898979187, 1.4050025386810303, 1.3650958074569701, 1.3397609401702881, 1.3362966983795166, 1.353288765525818, 1.3438141914367676, 1.3601356626510621, 1.3363798358917236, 1.3487436569213866, 1.3133074117660521, 1.3274606414794923, 1.3242951877593994, 1.3416682121276855, 1.3375648368835449, 1.3089786712646485, 1.3287543478012085, 1.319575106048584, 1.2986088634490967, 1.3003201642990112, 1.3004832849502563, 1.2903922208786012, 1.2964876121520996, 1.2969533903121948, 1.3391226222991943, 1.3090696130752564, 1.3509779148101806, 1.311926510810852, 1.305199487876892, 1.2915126228332519, 1.2862600351333617, 1.3463711639404297, 1.319497211074829, 1.2791494953155518, 1.2817761390686035, 1.3468447162628174, 1.2682451282501221, 1.2660717771530152, 1.3457569778442382, 1.322022837638855, 1.3135630455017089, 1.3387530673980712, 1.3042903720855712, 1.2939519134521484, 1.2922439109802246, 1.262507603263855, 1.2837055068969727, 1.324051739501953, 1.2941448249816894, 1.2770856449127197, 1.2774070140838623, 1.326968200302124, 1.2984457780838012, 1.2852192491531371, 1.3139232032775878, 1.2761682334899902, 1.3295766178131103, 1.2813676668167113, 1.2570775606155395, 1.2869016122817993, 1.284299681854248, 1.2758366428375245, 1.297958945465088, 1.2744001258850097], "val_acc": [0.3426, 0.3728, 0.3831, 0.388, 0.4154, 0.4325, 0.4346, 0.4407, 0.4477, 0.4466, 0.445, 0.4625, 0.4565, 0.4755, 0.4741, 0.4822, 0.4804, 0.487, 0.4795, 0.4993, 0.4966, 0.4925, 0.4948, 0.499, 0.5064, 0.5054, 0.502, 0.5113, 0.515, 0.5027, 0.5066, 0.5076, 0.5142, 0.5068, 0.5136, 0.5125, 0.517, 0.5082, 0.5213, 0.5233, 0.5303, 0.5197, 0.5288, 0.5205, 0.5301, 0.5289, 0.5363, 0.5285, 0.5319, 0.5235, 0.5202, 0.5348, 0.5269, 0.5309, 0.5448, 0.5373, 0.5438, 0.5406, 0.5403, 0.5446, 0.53, 0.5378, 0.5195, 0.5312, 0.5325, 0.5388, 0.5431, 0.5308, 0.5295, 0.5395, 0.5518, 0.5173, 0.5477, 0.5508, 0.5298, 0.5338, 0.5366, 0.5272, 0.5368, 0.5376, 0.5458, 0.5486, 0.5438, 0.5319, 0.5387, 0.5495, 0.5454, 0.5352, 0.5423, 0.5488, 0.5362, 0.5498, 0.5397, 0.5538, 0.5556, 0.5463, 0.545, 0.555, 0.546, 0.5459], "loss": [2.0418844079971312, 1.8750860986328124, 1.803192905960083, 1.7543122040557861, 1.7197555133056641, 1.689391383705139, 1.6610769733047486, 1.6437460483551025, 1.6219339779663087, 1.6008686855697631, 1.5846320176696778, 1.570526795349121, 1.5496419497680665, 1.539254213218689, 1.5248870126342773, 1.5101608171844483, 1.4977338711929322, 1.4899154745101928, 1.4754076684570312, 1.4655261527252197, 1.4562365908050536, 1.44605716091156, 1.4379560061264038, 1.4292058837127686, 1.4204272506332398, 1.4119292546844482, 1.4040190464019775, 1.3934729421615601, 1.3835236371231079, 1.3783691080474854, 1.3688531102752686, 1.3617862242126464, 1.3544040482330322, 1.349825022354126, 1.3386576908493042, 1.3333039913177491, 1.3252021781158447, 1.3180111463165283, 1.3150678063583374, 1.3083584454345702, 1.2950459830474854, 1.2935810208129883, 1.2930016432189941, 1.2819458919143676, 1.2780593445587158, 1.2725100290679932, 1.26593155708313, 1.2578473895645141, 1.2524752303314208, 1.2480052769088745, 1.2415430027770995, 1.2361599993896484, 1.2291473406982423, 1.2284536539459228, 1.223839589729309, 1.213017414741516, 1.2116540318298339, 1.2055753114509582, 1.2009348970794678, 1.1940215705490111, 1.1898936317825317, 1.1840253144073487, 1.1818918476486207, 1.1746300652694701, 1.1712457774543763, 1.1640443672943115, 1.1601491143989564, 1.155387349472046, 1.1495958921051026, 1.1472542794418334, 1.1415712112808227, 1.1391045869064331, 1.1328617695999146, 1.1260036355590821, 1.1223926050186157, 1.1185330137252807, 1.1167885816574097, 1.1129183973693848, 1.1045869400787354, 1.1013509638214112, 1.0944879537963867, 1.094773326148987, 1.0904406002044678, 1.0858316175079346, 1.0779813786697388, 1.077812724685669, 1.0723149431228638, 1.0677084685134888, 1.0621577383804321, 1.0602201973342895, 1.0558450350570678, 1.0501960773468018, 1.048283609199524, 1.0388714611434937, 1.038905760192871, 1.0323224973297118, 1.0303033393096923, 1.0222577502822876, 1.018658668937683, 1.0203125186157227], "acc": [0.26136, 0.3307800000190735, 0.36132000000953673, 0.37792000000953674, 0.38826, 0.40265999999046326, 0.41236, 0.41646000001907346, 0.42654000000953673, 0.4351600000190735, 0.4396000000190735, 0.4461800000190735, 0.45394, 0.45681999999046324, 0.4602199999809265, 0.46880000000953675, 0.47116, 0.47366, 0.48061999999046323, 0.4829999999809265, 0.48478, 0.4899399999809265, 0.48967999998092654, 0.49627999998092653, 0.4998, 0.5021599999809265, 0.50366, 0.50744, 0.5112400000190734, 0.5162199999809265, 0.5165599999809265, 0.51702, 0.5231000000190735, 0.5230000000190735, 0.5274599999809265, 0.5280800000190735, 0.5330799999618531, 0.53432, 0.53582, 0.53606, 0.543539999961853, 0.5432999999809265, 0.54404, 0.5486200000190735, 0.55032, 0.5515600000190735, 0.5545999999809265, 0.5555200000381469, 0.5602400000190735, 0.5582000000190734, 0.5619400000095367, 0.562539999961853, 0.56586, 0.566180000038147, 0.5700200000190735, 0.57428, 0.56994, 0.574620000038147, 0.5736200000190735, 0.576099999961853, 0.5786999999618531, 0.583, 0.5814199999809265, 0.5843199999904632, 0.58552, 0.5915799999618531, 0.58786, 0.5924800000381469, 0.5920600000190734, 0.594640000038147, 0.59628, 0.59702, 0.59906, 0.5999399999809265, 0.6038, 0.6066400000190735, 0.6063599999618531, 0.604979999961853, 0.6076400000190735, 0.6113399999618531, 0.6125400000190735, 0.61234, 0.6139400000190735, 0.6147800000381469, 0.6187199999809265, 0.615280000038147, 0.620279999961853, 0.6227799999809265, 0.6247800000190735, 0.6246800000381469, 0.6251400000190734, 0.630979999961853, 0.626240000038147, 0.632399999961853, 0.633519999961853, 0.6317400000190735, 0.6317999999809265, 0.6380599999809266, 0.6395399999809265, 0.637239999961853]}