{"val_loss": [1.8516287048339843, 1.7703196338653564, 1.7922401191711426, 1.6632833263397218, 1.6510157245635986, 1.629522717666626, 1.5799540681838988, 1.568395287322998, 1.542819001197815, 1.5287987911224366, 1.5326501163482666, 1.5054424381256104, 1.4991258255004882, 1.4871336040496825, 1.4671724714279175, 1.5201539009094238, 1.4563236045837402, 1.4379153396606446, 1.441624482345581, 1.4342755268096923, 1.4365411628723144, 1.412173906326294, 1.4068876832962036, 1.4151393775939942, 1.3907856147766113, 1.3796968814849853, 1.3846771787643433, 1.3692837293624878, 1.3786211973190308, 1.3787827920913696, 1.3752434379577636, 1.3670169599533082, 1.4069572956085206, 1.431118783378601, 1.3955544258117676, 1.4072199642181396, 1.384740288925171, 1.354264401626587, 1.3463020057678223, 1.348867539024353, 1.3263604297637939, 1.3265172225952149, 1.4888574850082397, 1.4271580488204956, 1.3366403598785401, 1.3085935180664063, 1.332345385169983, 1.3330471225738525, 1.3398075805664063, 1.3555545011520387, 1.342489102935791, 1.3220754180908203, 1.293411310005188, 1.2988315073013306, 1.3390591787338257, 1.3491430856704711, 1.3096688240051269, 1.294793405342102, 1.3025468231201172, 1.3448901050567628, 1.3070145427703856, 1.2857074020385741, 1.2790485145568848, 1.3088524055480957, 1.2873583209991455, 1.3202172164916992, 1.281893605041504, 1.3472210260391235, 1.2924372844696046, 1.2771241735458374, 1.3215240243911743, 1.2707705013275146, 1.2685390884399415, 1.2691968814849854, 1.286716470527649, 1.2914071489334107, 1.268418811607361, 1.3341075691223145, 1.3212609395980834, 1.2959360385894776, 1.2784092868804933, 1.3200088346481322, 1.3262219379425049, 1.275795560836792, 1.2981327449798583, 1.401556450843811, 1.3850094535827637, 1.3165405364990235, 1.3238759490966796, 1.3209559827804565, 1.2859223890304565, 1.2996382446289063, 1.356312504196167, 1.292421125793457, 1.3337978372573853, 1.2658970401763916, 1.3457958950042725, 1.2693270923614501, 1.2740337650299072, 1.2924416076660157], "val_acc": [0.3522, 0.3813, 0.364, 0.4227, 0.4247, 0.4302, 0.4465, 0.4474, 0.4588, 0.4608, 0.4516, 0.4676, 0.4643, 0.4733, 0.4784, 0.4606, 0.4824, 0.4891, 0.4878, 0.486, 0.4923, 0.4994, 0.4987, 0.4926, 0.5086, 0.5087, 0.5117, 0.5161, 0.506, 0.5078, 0.5128, 0.5137, 0.5015, 0.4959, 0.503, 0.5094, 0.5113, 0.5147, 0.5161, 0.5216, 0.5335, 0.5257, 0.4801, 0.4948, 0.5309, 0.5348, 0.5221, 0.53, 0.5273, 0.5189, 0.5255, 0.5248, 0.5424, 0.5387, 0.5231, 0.5308, 0.5304, 0.5366, 0.5335, 0.5231, 0.5386, 0.5473, 0.5418, 0.5338, 0.5465, 0.5359, 0.5404, 0.5289, 0.5459, 0.5489, 0.5332, 0.5484, 0.5531, 0.5478, 0.5502, 0.546, 0.555, 0.5351, 0.5419, 0.5422, 0.5531, 0.5451, 0.5373, 0.5508, 0.5427, 0.5174, 0.525, 0.5348, 0.5415, 0.5402, 0.5515, 0.5471, 0.5291, 0.5521, 0.5381, 0.5616, 0.5364, 0.5527, 0.5551, 0.5523], "loss": [2.000367339477539, 1.8381190468597413, 1.7670318920516968, 1.7181315020370482, 1.680043539123535, 1.6487710189437865, 1.620498901901245, 1.5989903281021118, 1.5763243140411376, 1.558998372077942, 1.5399990436172486, 1.5240434024429321, 1.5065250176239013, 1.494079630203247, 1.4794586992645264, 1.4627601486206054, 1.4533883589553833, 1.4402970016098022, 1.427494236831665, 1.418286376876831, 1.4071277184295654, 1.3963278075790406, 1.3894112976455688, 1.3777348585510254, 1.366404765472412, 1.3602922379302977, 1.3489479056549072, 1.3376410681915283, 1.3290179463195801, 1.3205421823883057, 1.3113702743530273, 1.3042491132736207, 1.3004657903289796, 1.2886176333236694, 1.284592062072754, 1.2723772639846802, 1.2667502700805664, 1.2601442804718017, 1.2525800170898438, 1.2464159315109253, 1.2375831708526612, 1.227526926651001, 1.222962340965271, 1.2170416493988037, 1.2073953005218505, 1.2045122404098512, 1.1963106230545044, 1.1899197865486144, 1.1824016747283936, 1.1759310441207886, 1.1687418315124511, 1.1658747451782228, 1.156137001953125, 1.1544208933639526, 1.146126954460144, 1.1393279808044434, 1.1348371152496337, 1.1307836521530152, 1.1225027536773682, 1.1191789952087403, 1.1120916720199585, 1.1058827955627442, 1.0977698905944824, 1.0938293111801147, 1.0890345157623291, 1.0867035374450684, 1.0808336946868897, 1.0733249451446534, 1.0683823630523681, 1.0618246688079833, 1.0552032468414307, 1.0530182748794557, 1.0452128923225403, 1.04467854057312, 1.0370692470550538, 1.0293052034187318, 1.0223388739204406, 1.0215758481025696, 1.0152909862518311, 1.0094685340881349, 1.0038689544296264, 0.9995492655563355, 0.9926903164863586, 0.9903670867729187, 0.9803643141555786, 0.9766281650543213, 0.9730852220916748, 0.9664743867111206, 0.9673144947052001, 0.9584175715255737, 0.9521508221054077, 0.9497837580490113, 0.9393008847045898, 0.9414409166717529, 0.9320836345291138, 0.9310457440567017, 0.9257888609695435, 0.9241410812377929, 0.9111813403701782, 0.9147302711868286], "acc": [0.27528000000953673, 0.3471000000095367, 0.37522, 0.3931800000190735, 0.4080600000190735, 0.4195400000190735, 0.4308600000190735, 0.43488, 0.4451400000190735, 0.4514199999904633, 0.45719999998092653, 0.4617399999904633, 0.46972000003814696, 0.4734000000190735, 0.480240000038147, 0.4854400000190735, 0.4878799999809265, 0.49332, 0.49754, 0.499660000038147, 0.5046, 0.5082000000095367, 0.5105599999904633, 0.5140199999904632, 0.5195599999809265, 0.5209999999809265, 0.5261599999809266, 0.5282000000381469, 0.5322800000190735, 0.53552, 0.5380400000095368, 0.53896, 0.5430599999809265, 0.5461000000190734, 0.549860000038147, 0.551659999961853, 0.555239999961853, 0.557640000038147, 0.5572000000190734, 0.5622599999809265, 0.56428, 0.5684000000190735, 0.5687199999809265, 0.57036, 0.5767200000190735, 0.57684, 0.58076, 0.58004, 0.583879999961853, 0.5848199999809265, 0.589980000038147, 0.589400000038147, 0.592220000038147, 0.5946400000190735, 0.596939999961853, 0.6002000000190735, 0.60108, 0.6034399999809266, 0.6045799999618531, 0.6065399999809266, 0.608879999961853, 0.61264, 0.61344, 0.6161199999618531, 0.618959999961853, 0.618859999961853, 0.620319999961853, 0.6242199999618531, 0.62626, 0.628040000038147, 0.6317200000190735, 0.6295400000381469, 0.6360999999809265, 0.633380000038147, 0.6353199999809265, 0.63752, 0.641839999961853, 0.6415800000190734, 0.644600000038147, 0.645279999961853, 0.6463199999809265, 0.6477599999618531, 0.6495799999809265, 0.6537400000381469, 0.6523200000190735, 0.6571599999809266, 0.6569799999809265, 0.6616, 0.660100000038147, 0.6627, 0.6648399999618531, 0.666059999961853, 0.669879999961853, 0.6680999999809265, 0.673159999961853, 0.6716400000190735, 0.677659999961853, 0.6746399999809265, 0.680419999961853, 0.679920000038147]}