{"val_loss": [1.8505848203659057, 1.7702730136871339, 1.7220452976226808, 1.6803845457077027, 1.6435525093078613, 1.602082953453064, 1.5870386127471925, 1.5733028335571289, 1.5425441173553467, 1.5364874378204345, 1.5405287998199464, 1.496843620300293, 1.498613056564331, 1.5113626300811767, 1.4751183513641357, 1.5311547847747802, 1.4476124279022218, 1.4476173973083497, 1.4623593551635743, 1.4148180027008057, 1.434390002822876, 1.4288575666427612, 1.416002575302124, 1.4642070653915404, 1.4123722959518432, 1.4206972957611084, 1.3991010225296021, 1.3705113277435303, 1.4093928773880005, 1.3739947986602783, 1.4068134456634522, 1.3622117265701295, 1.3963278831481933, 1.3457283535003661, 1.3652712366104125, 1.3610883443832398, 1.3363990734100342, 1.3900742519378662, 1.3428955169677734, 1.3582167387008668, 1.3168116527557372, 1.345153715133667, 1.3477191970825195, 1.3286708164215089, 1.3049725698471069, 1.3344387790679932, 1.3016146129608155, 1.3588105270385742, 1.3620270877838134, 1.2970025566101073, 1.347457297897339, 1.318514245033264, 1.3565313861846924, 1.336313381767273, 1.3056623878479003, 1.3136199657440186, 1.3334035942077638, 1.3311442539215088, 1.3038361862182617, 1.2977217720031737, 1.3475617809295655, 1.2844459413528442, 1.2944661720275878, 1.3494812831878662, 1.3221348979949952, 1.334274616622925, 1.3763144798278808, 1.3260205947875976, 1.2605462034225463, 1.3055344913482667, 1.2994963706970215, 1.3200602111816406, 1.2827633605957032, 1.287138352394104, 1.2753318828582765, 1.3404290077209473, 1.2792504920959473, 1.288065125656128, 1.287140210723877, 1.342265922832489, 1.3463721717834474, 1.2851177520751953, 1.2804814895629884, 1.2992596115112305, 1.2769833909988404, 1.271042646408081, 1.3579133098602294, 1.2844293075561524, 1.3088101665496825, 1.3183169464111328, 1.3119221757888795, 1.3312677671432496, 1.316634192276001, 1.3357912395477296, 1.2491056037902832, 1.2854886861801147, 1.289664458656311, 1.2909243810653686, 1.3195771858215333, 1.2878310962677002], "val_acc": [0.3538, 0.3831, 0.3935, 0.4111, 0.427, 0.4377, 0.444, 0.4449, 0.4582, 0.4621, 0.4593, 0.4725, 0.4723, 0.4666, 0.485, 0.4545, 0.4888, 0.4901, 0.4815, 0.5012, 0.4927, 0.4957, 0.5018, 0.4815, 0.504, 0.4973, 0.5103, 0.52, 0.5005, 0.5127, 0.5034, 0.5151, 0.4993, 0.5207, 0.5126, 0.5189, 0.5298, 0.5059, 0.5231, 0.5175, 0.5353, 0.5207, 0.5203, 0.5301, 0.5386, 0.5339, 0.546, 0.524, 0.5192, 0.5402, 0.5198, 0.536, 0.5248, 0.5316, 0.5395, 0.5447, 0.5287, 0.5327, 0.5427, 0.5386, 0.5323, 0.5489, 0.5446, 0.5205, 0.5367, 0.5294, 0.5246, 0.5359, 0.5628, 0.5395, 0.546, 0.5414, 0.5545, 0.5528, 0.5544, 0.5344, 0.5493, 0.547, 0.5539, 0.5337, 0.5314, 0.552, 0.555, 0.5465, 0.5563, 0.5542, 0.5265, 0.552, 0.544, 0.5401, 0.5461, 0.5399, 0.547, 0.5412, 0.5629, 0.5526, 0.5514, 0.5534, 0.5475, 0.5531], "loss": [2.002458309669495, 1.8326639248275758, 1.7644130130386353, 1.7193106356430055, 1.6791748792266845, 1.6487678918457032, 1.6211266311645507, 1.5984762051010133, 1.5790172375106812, 1.5576724187469482, 1.54145495262146, 1.5252637747955322, 1.5075183542251587, 1.4904328373336793, 1.47664027633667, 1.464708168487549, 1.451731756477356, 1.4382173982620239, 1.4238113568878175, 1.4177906414413453, 1.4075355870056152, 1.3940560669708253, 1.3799805883026124, 1.374973802871704, 1.3672689921569825, 1.3555539525604248, 1.347888346939087, 1.336423754196167, 1.3292356699752808, 1.3188635583877564, 1.3106556044769286, 1.300215714454651, 1.2970957236480714, 1.2852724996566773, 1.279141866836548, 1.2715167765426636, 1.26516922996521, 1.2615663875961303, 1.2490949854278564, 1.242219749069214, 1.2375217584991456, 1.227491099319458, 1.2185574272155761, 1.2174965003204345, 1.2097259087371826, 1.2042684511184691, 1.1985574857711792, 1.191792861289978, 1.1851804945755005, 1.1791924858093261, 1.1677683369445802, 1.163457767906189, 1.162537463722229, 1.1534675060653687, 1.1459837340545653, 1.141508925743103, 1.1366124906539916, 1.1296593199157714, 1.1249674797058105, 1.115592451095581, 1.111072276573181, 1.1021799713897704, 1.1008690600776672, 1.0923806683731079, 1.0877076642990113, 1.0846133416748047, 1.0763215266036987, 1.0690451500320435, 1.0740560004425048, 1.0637532041168214, 1.056699073562622, 1.0530766122817994, 1.0452305394363404, 1.0410691464614867, 1.0380948571968078, 1.0256015783309937, 1.026233176574707, 1.0199644701766968, 1.0112909612846375, 1.009522749443054, 1.00468559425354, 0.9966322409248352, 0.9988377264595032, 0.993779211769104, 0.9856456699752808, 0.9783572644424439, 0.9711023419189453, 0.9656531523513794, 0.9649314112091064, 0.959304208984375, 0.9529721249389649, 0.9505738345336914, 0.9455719214248657, 0.9405563509368896, 0.939063080329895, 0.9328012494277954, 0.9234019230651855, 0.9180917364501953, 0.9172110778617859, 0.9125015338134765], "acc": [0.2788800000190735, 0.34886000001907347, 0.37527999998092654, 0.39332000000953676, 0.40828, 0.4182000000095367, 0.4297999999809265, 0.43694, 0.44572000000953677, 0.45328, 0.45506, 0.46048, 0.4698800000095367, 0.47443999999046327, 0.48009999999046327, 0.4851000000190735, 0.490840000038147, 0.49168000001907347, 0.4994799999809265, 0.5003399999904633, 0.5041199999809265, 0.507640000038147, 0.5163199999809265, 0.5160199999904632, 0.520300000038147, 0.523839999961853, 0.524660000038147, 0.52912, 0.5324999999809266, 0.5367799999809265, 0.5400800000190735, 0.544, 0.54388, 0.54798, 0.5495800000190735, 0.55308, 0.5533199999809265, 0.554380000038147, 0.5602799999809265, 0.56422, 0.5644600000190735, 0.5686799999809266, 0.570740000038147, 0.56992, 0.5755599999809266, 0.575279999961853, 0.5781599999809265, 0.5802599999618531, 0.58024, 0.5853200000190735, 0.59128, 0.590539999961853, 0.591939999961853, 0.5954199999809265, 0.596400000038147, 0.5972400000381469, 0.602079999961853, 0.6030399999809265, 0.6048799999809266, 0.60652, 0.60994, 0.6120600000190735, 0.61348, 0.6172599999809265, 0.6190399999809265, 0.6163, 0.6225600000381469, 0.6238800000190735, 0.623259999961853, 0.6244399999618531, 0.627400000038147, 0.630679999961853, 0.63284, 0.6338, 0.6337799999618531, 0.6405599999809265, 0.63932, 0.6420599999809266, 0.64458, 0.646119999961853, 0.6450399999809265, 0.6500800000190735, 0.6480199999809265, 0.6514000000190735, 0.6530600000190735, 0.657580000038147, 0.660360000038147, 0.6619400000190735, 0.66464, 0.6637200000190735, 0.664060000038147, 0.66736, 0.6677, 0.670580000038147, 0.6695599999809265, 0.671679999961853, 0.6758599999809265, 0.67754, 0.677539999961853, 0.6787200000381469]}