{"val_loss": [1.8512413124084472, 1.7150249538421631, 1.7284377056121827, 1.6160097938537599, 1.5511219284057618, 1.5612542232513427, 1.5449993801116944, 1.5335050207138061, 1.4865851768493652, 1.4531798332214356, 1.475647282409668, 1.444643456840515, 1.4381273582458496, 1.4813339248657227, 1.4479900222778321, 1.417439369392395, 1.4185443698883056, 1.3708392091751098, 1.365660168647766, 1.3583336067199707, 1.3691330726623536, 1.3534324773788453, 1.3576054000854492, 1.333865118408203, 1.3367456344604491, 1.3908979572296143, 1.3351285793304444, 1.3352301723480224, 1.402131819152832, 1.3241721557617188, 1.3169707336425782, 1.3214098527908325, 1.31804167137146, 1.3649938842773437, 1.319914485168457, 1.3269985662460326, 1.2893363731384277, 1.3347197803497315, 1.3033218856811524, 1.3123707113265992, 1.2787061151504517, 1.3262732223510743, 1.3051815647125244, 1.3847379611968995, 1.2932166305541992, 1.3412392057418823, 1.336468939590454, 1.3167298566818237, 1.2634684986114502, 1.2804336107254028, 1.3069558294296264, 1.3046440303802491, 1.283215238380432, 1.2828292831420898, 1.2791617734909058, 1.4300017269134522, 1.274729999923706, 1.272962903213501, 1.2839456148147583, 1.3319087718963623, 1.2981582754135133, 1.2683257579803466, 1.2667096431732179, 1.268925114440918, 1.2960756565093994, 1.2776208560943603, 1.2686841762542724, 1.2822585792541503, 1.2734765602111817, 1.2769393060684204, 1.376191839981079, 1.255220651626587, 1.260879969406128, 1.3165120866775513, 1.2480682819366455, 1.2875599206924437, 1.3013665637969971, 1.322073123550415, 1.289385782623291, 1.2553282794952392, 1.3963509868621826, 1.2909293760299683, 1.2936041399002076, 1.2757772277832031, 1.270586940765381, 1.386611436843872, 1.2700923866271974, 1.2700904502868653, 1.2943823558807372, 1.348325577735901, 1.3274848049163819, 1.2733365955352782, 1.2711836952209472, 1.3140774118423462, 1.2772332948684693, 1.2864357078552247, 1.26375499458313, 1.2936568956375123, 1.2979947429656982, 1.332734539794922], "val_acc": [0.3334, 0.3932, 0.394, 0.4246, 0.4524, 0.4471, 0.4417, 0.4527, 0.4672, 0.4863, 0.4797, 0.4882, 0.4824, 0.4662, 0.4866, 0.4913, 0.4955, 0.5133, 0.5191, 0.5089, 0.5126, 0.5203, 0.5252, 0.5322, 0.5268, 0.5059, 0.5291, 0.526, 0.4965, 0.5331, 0.5288, 0.5363, 0.5306, 0.524, 0.5338, 0.5269, 0.543, 0.524, 0.5432, 0.5423, 0.5493, 0.5285, 0.544, 0.5253, 0.5427, 0.5294, 0.5285, 0.5295, 0.5546, 0.5462, 0.5411, 0.5463, 0.5454, 0.548, 0.5558, 0.5048, 0.5545, 0.5552, 0.5476, 0.529, 0.5435, 0.5479, 0.5505, 0.5467, 0.5483, 0.5542, 0.5499, 0.5506, 0.5567, 0.5488, 0.5309, 0.5618, 0.5576, 0.5359, 0.565, 0.5574, 0.5495, 0.5387, 0.5655, 0.5619, 0.531, 0.557, 0.5482, 0.556, 0.5609, 0.5294, 0.5646, 0.5586, 0.5592, 0.5465, 0.5475, 0.5644, 0.5665, 0.5568, 0.571, 0.5638, 0.5633, 0.5684, 0.5547, 0.5586], "loss": [1.968446189804077, 1.7968162436294555, 1.7236002603912353, 1.674334918785095, 1.6333680380249023, 1.6047258474349975, 1.5803559878540039, 1.5499952795791625, 1.5249274210739137, 1.500333260574341, 1.482018398628235, 1.4667765294265747, 1.4488709897232055, 1.4347994550323486, 1.4233674546432495, 1.4074363591766357, 1.3923186882781982, 1.3804813957977295, 1.3701458517837524, 1.3578562337493896, 1.3426206942749024, 1.3338968001937865, 1.3206889376449584, 1.3170675940704346, 1.3065225424957276, 1.2932777382659912, 1.2867604776763917, 1.2750227416229247, 1.2655338745498657, 1.2618981368255615, 1.2524788354492187, 1.2380876522064208, 1.2342174977874756, 1.2267877643966676, 1.210578715057373, 1.2066559162139892, 1.1986764294433594, 1.1913098316192627, 1.1859170308303832, 1.1779480336380004, 1.1677815468978883, 1.1572023500061035, 1.1529461618423462, 1.1467231432723999, 1.1417416119384765, 1.130793050956726, 1.12588027469635, 1.1172216672134399, 1.1091517322540283, 1.10452158618927, 1.093585071849823, 1.0898652597808838, 1.0883450508880614, 1.078315088787079, 1.0758391585540772, 1.0654426175689697, 1.0599865752410889, 1.0514180669403077, 1.0434201461791992, 1.0362533732604982, 1.0327989326477052, 1.0243036728668213, 1.0224076600646972, 1.0130383694267273, 1.0090325984191895, 1.0037214181709289, 0.9941909793853759, 0.9924515224456787, 0.9825673662185669, 0.9773483034515381, 0.9724464552116394, 0.9693839068412781, 0.9609874502754211, 0.9561571235466003, 0.9531174925994873, 0.9414800802612304, 0.9440326410102844, 0.9340777825164794, 0.9304310453605652, 0.9226617405700683, 0.92168895236969, 0.9139533619880676, 0.9104782325744629, 0.9047808643722535, 0.8993229726791382, 0.8906513792037963, 0.8878591557693482, 0.8823892062377929, 0.8780938504219055, 0.8696964847564698, 0.8718282008171081, 0.8553570627975464, 0.8561579274368286, 0.8452263948059082, 0.8464659278488159, 0.8424954671859741, 0.8373369102478028, 0.8342251973533631, 0.8264911757087707, 0.8195842208862305], "acc": [0.2873, 0.35958, 0.3889199999809265, 0.4047599999809265, 0.42124, 0.4323199999809265, 0.4416399999904633, 0.4497399999809265, 0.4596599999809265, 0.4684999999809265, 0.4760399999809265, 0.4809200000095367, 0.4885400000190735, 0.49197999999046327, 0.4951800000190735, 0.5021199999809265, 0.5050799999904633, 0.5090999999809265, 0.51358, 0.5175400000190735, 0.5225399999809265, 0.5256799999904632, 0.53246, 0.5324200000190735, 0.533059999961853, 0.5411600000190735, 0.5404800000190735, 0.5474799999904633, 0.5508400000190735, 0.5519599999618531, 0.5552999999809265, 0.5586, 0.5619400000190735, 0.5632000000190734, 0.5682, 0.5724000000190735, 0.5713199999809265, 0.5771000000190735, 0.5782000000190735, 0.5842400000190735, 0.584219999961853, 0.59138, 0.5915, 0.59304, 0.59508, 0.5982599999809265, 0.599339999961853, 0.601440000038147, 0.605740000038147, 0.606519999961853, 0.60756, 0.613360000038147, 0.612279999961853, 0.617580000038147, 0.61522, 0.6225799999809265, 0.6229000000190735, 0.6273199999618531, 0.6262999999809266, 0.6311599999809265, 0.63356, 0.6360600000190735, 0.6356600000381469, 0.6377600000190735, 0.6399600000190735, 0.64302, 0.6447999999809265, 0.6428200000190735, 0.6463999999809266, 0.6502599999809265, 0.6513400000190734, 0.6517000000190735, 0.6558600000381469, 0.6575599999809265, 0.658900000038147, 0.6643, 0.6635599999809265, 0.665820000038147, 0.66494, 0.670820000038147, 0.6691999999809265, 0.671259999961853, 0.67458, 0.6765599999809265, 0.67818, 0.6812, 0.679800000038147, 0.68596, 0.685679999961853, 0.6891400000190735, 0.6889, 0.69194, 0.6928800000190735, 0.697979999961853, 0.6951800000190735, 0.700540000038147, 0.69826, 0.6984799999618531, 0.70462, 0.703879999961853]}