{"val_loss": [1.8520732109069824, 1.7546699028015136, 1.6950832576751709, 1.6567115928649903, 1.6188789754867554, 1.602457329750061, 1.5693098924636841, 1.5485622198104858, 1.5399537702560424, 1.5308168449401856, 1.5069784900665284, 1.498280467224121, 1.547981227493286, 1.478129663848877, 1.4663070793151856, 1.4908319034576416, 1.431783821105957, 1.4480051467895507, 1.4225748878479003, 1.413285361099243, 1.4319891876220703, 1.4077844875335694, 1.420814973449707, 1.3826759300231934, 1.3887891986846923, 1.3830760107040405, 1.3900126152038574, 1.3636691772460938, 1.3618672451019287, 1.356224982070923, 1.359500971031189, 1.3647905937194824, 1.3502330043792725, 1.3441204410552978, 1.334417341041565, 1.3221281112670897, 1.3679154155731201, 1.3269950145721436, 1.3232639575958252, 1.3503641094207763, 1.3131857576370238, 1.356197865486145, 1.3597943805694581, 1.3947372234344482, 1.38580003490448, 1.337730464553833, 1.2902991390228271, 1.3177818206787109, 1.278830909347534, 1.2783300540924072, 1.3291209518432616, 1.3108391551971434, 1.2998171207427978, 1.3555040676116943, 1.3054351306915284, 1.3778064775466918, 1.3014316263198853, 1.3333360126495362, 1.285290008544922, 1.3099286575317384, 1.2994726314544678, 1.345451203918457, 1.416061771774292, 1.3166639823913575, 1.2999577095031738, 1.2635892278671266, 1.2711000190734862, 1.302117592048645, 1.2970897142410278, 1.378908455848694, 1.3311715017318726, 1.299543869972229, 1.3605479663848876, 1.2860804191589355, 1.262577957725525, 1.3147838466644286, 1.2879608512878418, 1.268332490158081, 1.2516303047180175, 1.3058687154769897, 1.2707828319549561, 1.2900500602722167, 1.275065774536133, 1.2520165021896363, 1.2727277858734132, 1.2575149883270265, 1.275016379737854, 1.3532446424484252, 1.2988037445068359, 1.2706613092422485, 1.264945911026001, 1.2671014797210693, 1.2941460283279418, 1.2874155748367309, 1.301266703224182, 1.268616842651367, 1.264748161315918, 1.2743437149047852, 1.253539627456665, 1.3594586292266846], "val_acc": [0.3517, 0.3884, 0.4115, 0.4201, 0.4311, 0.4301, 0.4496, 0.45, 0.4556, 0.4609, 0.4671, 0.4725, 0.4572, 0.4745, 0.4819, 0.4712, 0.4875, 0.4885, 0.4965, 0.4963, 0.4925, 0.4985, 0.4949, 0.5109, 0.5047, 0.5103, 0.5088, 0.5144, 0.5142, 0.515, 0.509, 0.5194, 0.5195, 0.5142, 0.5267, 0.5327, 0.5125, 0.53, 0.5266, 0.521, 0.5337, 0.5219, 0.5091, 0.5112, 0.5066, 0.5222, 0.537, 0.5319, 0.5472, 0.5422, 0.5231, 0.5229, 0.5359, 0.5271, 0.536, 0.5098, 0.5422, 0.5309, 0.5445, 0.5338, 0.5406, 0.5204, 0.5187, 0.5368, 0.5459, 0.5487, 0.5464, 0.5395, 0.5401, 0.5087, 0.5325, 0.5389, 0.5209, 0.5391, 0.5577, 0.5404, 0.5374, 0.546, 0.5529, 0.5375, 0.5482, 0.5472, 0.5508, 0.5554, 0.5529, 0.55, 0.5528, 0.5318, 0.5463, 0.5571, 0.5577, 0.5582, 0.5538, 0.546, 0.5505, 0.5579, 0.5514, 0.5612, 0.5687, 0.5356], "loss": [2.01728352684021, 1.8390548281097412, 1.765574789199829, 1.7199278875732422, 1.6775120892715454, 1.6459399935531616, 1.6206073318099976, 1.5941246459960938, 1.5741226825332642, 1.5561287647247315, 1.5361138382339476, 1.523568182220459, 1.505152977027893, 1.4898565390777587, 1.4784123603057862, 1.463645383644104, 1.4509493964004516, 1.4383652236557007, 1.426670904121399, 1.414954478111267, 1.4049881534576416, 1.3935145421981812, 1.3867767261505126, 1.3732390017318725, 1.3642200997161866, 1.3533516910552978, 1.3492171511077882, 1.3371523110580443, 1.327146802368164, 1.3176861023712159, 1.3078159841918946, 1.3023426706695556, 1.2925882540130615, 1.288782110824585, 1.2798643439483643, 1.2685017630004882, 1.2621786122894287, 1.2550879763031006, 1.2465799732589722, 1.240424882888794, 1.236957246322632, 1.2236715732192993, 1.2187476766204834, 1.2121324439239503, 1.2048720777511597, 1.1960321488571166, 1.1913918772125245, 1.1814514371490479, 1.1793218395233154, 1.1726159243392944, 1.1648035625457764, 1.157933944015503, 1.1470821585083009, 1.145497854938507, 1.1424112643051147, 1.1318822629928589, 1.1252029336929321, 1.1186806164169312, 1.1148171125030517, 1.1068172005081176, 1.10334815284729, 1.0945308319854736, 1.087359560661316, 1.0798200575637817, 1.073417709274292, 1.0714030529022216, 1.0635139108467102, 1.0600226974105835, 1.0520026392745971, 1.0495966040039062, 1.0447289846801757, 1.0333896068191528, 1.0351652484893799, 1.025577515335083, 1.0144571119308472, 1.0102194790458678, 1.006853314552307, 1.006879296989441, 0.99508185836792, 0.9882514358520508, 0.9873198815536499, 0.9767949891281128, 0.9718741526412964, 0.9677069456481934, 0.963198652420044, 0.958599055633545, 0.9551821704292297, 0.9464400915718079, 0.9415171927642823, 0.9349817530632019, 0.9286381244468689, 0.9202973805618286, 0.9183561296463013, 0.9114382464218139, 0.9085665341377258, 0.9019194798469543, 0.8980747038269042, 0.8952173013496398, 0.8876144220161438, 0.8877865300369263], "acc": [0.2708799999809265, 0.34762, 0.3814000000095367, 0.3938399999809265, 0.40891999998092654, 0.4193399999809265, 0.43032, 0.43784000001907347, 0.4462000000190735, 0.45164000000953675, 0.4588399999809265, 0.4618599999809265, 0.47113999999046324, 0.47530000000953676, 0.47979999998092654, 0.4850400000190735, 0.489500000038147, 0.4930799999809265, 0.49774000003814695, 0.5003999999904633, 0.50666, 0.5090000000381469, 0.512379999961853, 0.5146399999809265, 0.52014, 0.5240199999809265, 0.5243199999809265, 0.531699999961853, 0.536159999961853, 0.5350600000095368, 0.5414199999904633, 0.5424599999809265, 0.5452000000190735, 0.546540000038147, 0.55062, 0.5530199999809265, 0.55786, 0.5603200000190734, 0.5615999999904633, 0.56498, 0.56452, 0.571139999961853, 0.572019999961853, 0.572639999961853, 0.5774799999618531, 0.57928, 0.5807200000381469, 0.5830399999618531, 0.5860399999809265, 0.589059999961853, 0.5919400000190734, 0.5941599999809265, 0.596999999961853, 0.598740000038147, 0.59814, 0.601879999961853, 0.603500000038147, 0.610139999961853, 0.607920000038147, 0.61438, 0.61076, 0.615959999961853, 0.6193199999809265, 0.6196, 0.62306, 0.624679999961853, 0.6263200000381469, 0.6269800000190735, 0.631959999961853, 0.6310199999809265, 0.6336599999809265, 0.63622, 0.63764, 0.6369799999618531, 0.6443200000190735, 0.6479400000190735, 0.6479599999809265, 0.6482199999809265, 0.65176, 0.653440000038147, 0.65418, 0.65616, 0.657680000038147, 0.6592, 0.662139999961853, 0.6631999999809265, 0.6661399999809265, 0.6700799999618531, 0.672099999961853, 0.6717000000190735, 0.6734000000381469, 0.6752400000190735, 0.6779599999809265, 0.67888, 0.6811799999618531, 0.6856999999809266, 0.6837400000190735, 0.6832800000190735, 0.689079999961853, 0.686320000038147]}