{"val_loss": [1.88534628200531, 1.8061919525146484, 1.7435370553970337, 1.7028497562408447, 1.6805243185043335, 1.6460497817993165, 1.6264270969390868, 1.60069324760437, 1.594591330718994, 1.573364069366455, 1.5542030910491944, 1.5581697107315065, 1.5384454097747802, 1.5727597385406493, 1.5176730743408202, 1.5190913764953613, 1.502200806427002, 1.5014916830062865, 1.4988727310180665, 1.4837837669372558, 1.4648041055679322, 1.4734224443435668, 1.4484288459777832, 1.4445632423400878, 1.4435001949310302, 1.4741076568603515, 1.4309744934082032, 1.436269351196289, 1.4410534141540527, 1.4567280128479003, 1.4047330015182495, 1.4431653858184814, 1.4135303302764892, 1.3893658561706543, 1.3947425876617432, 1.3912554660797118, 1.4330459871292114, 1.4129492361068725, 1.422000751876831, 1.3921734992980956, 1.365885209274292, 1.402292498588562, 1.3688358362197877, 1.3664839130401611, 1.3666089702606201, 1.3481919235229491, 1.3583482477188111, 1.3535451328277588, 1.3874547969818116, 1.3574102592468262, 1.3665551727294922, 1.3733240829467774, 1.3341596920013428, 1.3368774780273438, 1.3828853603363036, 1.333228221130371, 1.3523978038787843, 1.342827159690857, 1.3380916381835937, 1.3363277896881103, 1.3495030939102173, 1.3317100841522216, 1.3620370616912842, 1.3273330654144286, 1.3292528644561767, 1.3336029890060426, 1.3579506534576415, 1.353634560775757, 1.3195118436813353, 1.3382115699768067, 1.3476383876800537, 1.3222429393768311, 1.324900159072876, 1.3222554416656493, 1.3032415838241578, 1.303549835395813, 1.3079804264068604, 1.324663850402832, 1.2998933500289918, 1.30941032371521, 1.310728212738037, 1.3149572687149047, 1.3054537864685059, 1.3204332069396973, 1.2890355377197265, 1.301426357460022, 1.286450288772583, 1.3121643650054933, 1.3081392383575439, 1.2995756578445434, 1.339579008102417, 1.3070054834365845, 1.3690848274230958, 1.2840670337677003, 1.3135680797576905, 1.3089399341583252, 1.290547512817383, 1.2708600130081176, 1.3037975198745728, 1.333251474380493], "val_acc": [0.3463, 0.3697, 0.3851, 0.4028, 0.4082, 0.4196, 0.4281, 0.4369, 0.4369, 0.4396, 0.4494, 0.4511, 0.454, 0.4465, 0.4576, 0.4615, 0.4691, 0.4682, 0.4648, 0.4795, 0.48, 0.4753, 0.4839, 0.4877, 0.4957, 0.4683, 0.4963, 0.4893, 0.4906, 0.4834, 0.4983, 0.4862, 0.4942, 0.5101, 0.5045, 0.5091, 0.4887, 0.506, 0.4992, 0.5061, 0.5197, 0.5022, 0.5127, 0.5179, 0.514, 0.5244, 0.5193, 0.5151, 0.5099, 0.5155, 0.5127, 0.5092, 0.5286, 0.5263, 0.5098, 0.5249, 0.5241, 0.5192, 0.5198, 0.5254, 0.5254, 0.5269, 0.5139, 0.532, 0.5246, 0.5308, 0.5164, 0.5142, 0.529, 0.5237, 0.5217, 0.529, 0.5322, 0.5315, 0.5381, 0.5343, 0.5392, 0.5311, 0.538, 0.535, 0.5321, 0.5338, 0.5389, 0.5203, 0.5399, 0.5336, 0.5409, 0.538, 0.5317, 0.5343, 0.5264, 0.5304, 0.5218, 0.5453, 0.5381, 0.5327, 0.5365, 0.5509, 0.5371, 0.5274], "loss": [2.068655091934204, 1.8982292931747438, 1.8317430138397217, 1.7891160349273683, 1.7523235622406006, 1.7221549459457397, 1.7007737813568116, 1.6771998865127564, 1.658734313583374, 1.6421443934249877, 1.6232227473449707, 1.6123620107650758, 1.5958518399429322, 1.5815993727874755, 1.5718950238418579, 1.5567877112579345, 1.5551059103012086, 1.5417666913604737, 1.527856481666565, 1.519672498550415, 1.5099458324432373, 1.5029041791152955, 1.4968324829483033, 1.4795817978668213, 1.47331836643219, 1.469443516769409, 1.4595756807327271, 1.456986665725708, 1.4476135431671142, 1.4445176178359986, 1.4334777442169189, 1.4284877396011353, 1.421942137527466, 1.415383035812378, 1.4095009864425658, 1.4056406870651246, 1.393875665359497, 1.392663278617859, 1.3853829682159424, 1.3832022478866577, 1.3755967501449584, 1.3654260280609132, 1.3694504713821412, 1.3574593140792848, 1.3507385605621338, 1.3456680463027955, 1.34059479927063, 1.3373449059677125, 1.3347128653717042, 1.3292297776794433, 1.3262827515411377, 1.3189588959503173, 1.3197148204421998, 1.3104271588897705, 1.3073829878234864, 1.3015948147964478, 1.2950893160247803, 1.2967349540328978, 1.2898083968734742, 1.2857791107940675, 1.2816262534713745, 1.2747928603363037, 1.2725172946548462, 1.2732816820526123, 1.2649132458496093, 1.2574386513519287, 1.25985030254364, 1.254705168876648, 1.2456702578353882, 1.2478502495193482, 1.244696453742981, 1.2405061221694946, 1.2372087859725953, 1.232886177330017, 1.2274921619033814, 1.2238338413619996, 1.2215834853363037, 1.215681305656433, 1.2154214752578736, 1.2140821158599853, 1.2075177961730956, 1.2076900385284424, 1.196881350288391, 1.195878000793457, 1.1971166404533387, 1.1887140925979613, 1.1846899555206298, 1.1871661753082274, 1.1798506593704223, 1.1755362180328368, 1.173112604904175, 1.170331397857666, 1.172225675354004, 1.1664066528701782, 1.1595537514877319, 1.1576988528060914, 1.1578105931854248, 1.1499940467453003, 1.1493207279205322, 1.1455294598770143], "acc": [0.24326, 0.31922000001907347, 0.34303999999046325, 0.3635799999809265, 0.37756000001907347, 0.3869000000095367, 0.39510000001907347, 0.4064000000190735, 0.41200000000953674, 0.41827999996185306, 0.42502000000953677, 0.42911999999046324, 0.43551999999046326, 0.44035999999046327, 0.44204, 0.4491999999809265, 0.45054000000953676, 0.4546200000190735, 0.45877999999046326, 0.4637400000190735, 0.46567999996185305, 0.46976, 0.4689800000190735, 0.4778599999809265, 0.47841999999046325, 0.48136000000953677, 0.48397999999046326, 0.48481999999046327, 0.4862000000190735, 0.4886599999809265, 0.49307999999046326, 0.49428000001907346, 0.49932000003814697, 0.49918, 0.49923999999046326, 0.5028999999809265, 0.507079999961853, 0.5061599999904632, 0.5103400000190735, 0.50842, 0.512380000038147, 0.51536, 0.5156999999809265, 0.5223599999809265, 0.5218799999618531, 0.522999999961853, 0.5251600000190735, 0.525959999961853, 0.5258599999809265, 0.5293399999809265, 0.5281999999809265, 0.53074, 0.5336399999809265, 0.5371599999904633, 0.53714, 0.540120000038147, 0.5402800000190735, 0.542459999961853, 0.5408600000190735, 0.54442, 0.54666, 0.548640000038147, 0.5470600000381469, 0.548219999961853, 0.5522999999809265, 0.552480000038147, 0.5523800000095368, 0.554319999961853, 0.556659999961853, 0.55678, 0.5593600000190735, 0.5602800000190735, 0.55934, 0.5607400000190735, 0.5631800000190735, 0.56606, 0.5660600000190735, 0.5671999999809265, 0.5717, 0.56902, 0.569739999961853, 0.5722, 0.574839999961853, 0.5744199999809265, 0.5755999999618531, 0.5769400000190735, 0.57922, 0.5768799999809265, 0.5797400000190734, 0.5828599999809265, 0.5831999999809265, 0.5841399999809265, 0.5829199999618531, 0.5876, 0.588319999961853, 0.5884600000190735, 0.5887000000381469, 0.590320000038147, 0.59028, 0.5924599999618531]}