{"val_loss": [2.0356598819732667, 1.9561371810913086, 1.9179422534942627, 1.8942243507385255, 1.8741019468307496, 1.8605513853073121, 1.8424766424179078, 1.8311164556503297, 1.8178507705688476, 1.8078880897521972, 1.7996658519744873, 1.790957892227173, 1.779317137527466, 1.7685978240966798, 1.7599620235443114, 1.7530372381210326, 1.7471981986999512, 1.736580499458313, 1.7258855726242066, 1.719529372215271, 1.712183953857422, 1.7074088642120362, 1.700235460281372, 1.6928967962265014, 1.6889899250030518, 1.6831949951171874, 1.6809505136489868, 1.6714411598205567, 1.6676120370864869, 1.6636299228668212, 1.6616618473052978, 1.6528999938964843, 1.6518595081329346, 1.6495911266326904, 1.6463119733810425, 1.639974689102173, 1.6357913599014282, 1.6347398113250733, 1.629072085571289, 1.6259880706787109, 1.6226099817276, 1.6205414993286134, 1.614584259223938, 1.6159584056854248, 1.6098340461730958, 1.6081657814025878, 1.604096333694458, 1.6028173931121825, 1.5986877262115478, 1.596339860534668, 1.5924335269927978, 1.592332534790039, 1.5868828346252442, 1.583952194595337, 1.584403038406372, 1.581660601043701, 1.5766127151489258, 1.573471542930603, 1.5717438045501708, 1.5700248504638672, 1.566552377319336, 1.5641784938812255, 1.5608742498397827, 1.5578037017822266, 1.5557654041290283, 1.5537446514129638, 1.5503519783020019, 1.5478082029342652, 1.5486114727020264, 1.5440743293762207, 1.5428186084747315, 1.5399255218505858, 1.5368836479187011, 1.5386047828674316, 1.5359877544403076, 1.5309442836761475, 1.531494578552246, 1.5285525648117066, 1.526289051437378, 1.523765602874756, 1.5222786153793335, 1.52447052192688, 1.519493815612793, 1.5173734989166259, 1.5158430923461914, 1.5153020206451415, 1.5104552474975586, 1.511575213623047, 1.5080189315795898, 1.5057808479309083, 1.5047988405227661, 1.5033407152175904, 1.5001196565628052, 1.502655111312866, 1.4961935459136964, 1.499867292022705, 1.4959534191131592, 1.4923825044631958, 1.4923237518310546, 1.4929977706909179], "val_acc": [0.2753, 0.3112, 0.3313, 0.3393, 0.3438, 0.3556, 0.3571, 0.3618, 0.3651, 0.3722, 0.3721, 0.3777, 0.3799, 0.389, 0.3865, 0.3872, 0.3871, 0.391, 0.4004, 0.4005, 0.4024, 0.4072, 0.409, 0.4114, 0.4118, 0.4169, 0.4154, 0.4192, 0.4166, 0.4209, 0.4155, 0.4232, 0.4251, 0.4236, 0.4245, 0.4304, 0.4309, 0.4309, 0.4362, 0.435, 0.4374, 0.4356, 0.4393, 0.4375, 0.4401, 0.4436, 0.4434, 0.4453, 0.4455, 0.4478, 0.4465, 0.4466, 0.4512, 0.4508, 0.4491, 0.452, 0.4559, 0.4525, 0.4547, 0.4581, 0.4524, 0.4568, 0.4617, 0.4635, 0.4587, 0.4605, 0.4604, 0.4646, 0.4645, 0.4637, 0.4634, 0.4646, 0.469, 0.4655, 0.467, 0.471, 0.4688, 0.4664, 0.4703, 0.4713, 0.4715, 0.4724, 0.4715, 0.4707, 0.472, 0.4736, 0.4721, 0.4741, 0.4767, 0.4761, 0.474, 0.4764, 0.4777, 0.4769, 0.4795, 0.4739, 0.4808, 0.4793, 0.4795, 0.4768], "loss": [2.2554282862854005, 2.068199966278076, 2.0124478494262696, 1.9708440697860719, 1.946717240333557, 1.928798466644287, 1.9101007303619384, 1.8985294582366943, 1.882008069114685, 1.8715082753753662, 1.8617447826766969, 1.8490263399887086, 1.8405591415405274, 1.8320804677581788, 1.8235615187835694, 1.8163727024078369, 1.8087771335601808, 1.80086641998291, 1.7917555401229859, 1.784574061012268, 1.7790460620117188, 1.7732775982666016, 1.767504277076721, 1.7612547372055054, 1.7545431845092774, 1.7488272274017334, 1.746540341835022, 1.74007049407959, 1.7345391916275024, 1.7310136389160156, 1.7239077220916748, 1.7231086184692384, 1.7215170348739623, 1.7139000643920899, 1.7089130255508422, 1.7044258464813233, 1.7052025653076173, 1.6980816720581056, 1.6945593381881714, 1.692059186820984, 1.688609804725647, 1.6825184017944337, 1.6797387216567994, 1.6815026697540283, 1.6729843700408935, 1.66869694606781, 1.6685324069213867, 1.6649077800750733, 1.6628161875152587, 1.6609816547012328, 1.655636199951172, 1.6554234201431275, 1.6519401879119873, 1.6473674799346925, 1.6470731240081786, 1.6413360821151732, 1.6368972677612306, 1.6329304028320313, 1.6316846508026124, 1.6313081409454346, 1.6249181142807008, 1.624104867324829, 1.6201545959472656, 1.61611598197937, 1.617407737121582, 1.614161761817932, 1.6106044641113282, 1.6082176404571533, 1.6061984729385377, 1.606493925590515, 1.600184712600708, 1.5975491420745849, 1.595912695350647, 1.5936544998931885, 1.5918751517105103, 1.5913183978271483, 1.5888811828231812, 1.584737574081421, 1.584364655532837, 1.580125432472229, 1.5783256415176392, 1.581669560585022, 1.5744478264999389, 1.570457131729126, 1.5707926404571533, 1.5654876807403564, 1.566904984779358, 1.564584217453003, 1.562648196105957, 1.5598037342071533, 1.556900481185913, 1.559554252281189, 1.5539003323364258, 1.5530302997207641, 1.550161038131714, 1.550229332962036, 1.546212802619934, 1.5432627389907836, 1.543814079322815, 1.542127659072876], "acc": [0.17374000000476836, 0.23839999999523162, 0.2622199999809265, 0.28414, 0.29278000000953674, 0.30618000000953677, 0.31177999998092654, 0.31772, 0.32421999999046325, 0.33068, 0.3341599999809265, 0.3384999999809265, 0.34105999999046327, 0.34374, 0.34694, 0.3512800000190735, 0.35146000000953675, 0.35451999998092654, 0.3616999999809265, 0.3623199999809265, 0.36351999999046325, 0.36877999999046324, 0.36795999999046325, 0.3721400000190735, 0.37433999998092654, 0.37406000000953676, 0.37958000000953673, 0.37952000000953673, 0.3829600000095367, 0.38531999999046324, 0.3862199999809265, 0.3855, 0.3888400000190735, 0.388199999961853, 0.39019999999046323, 0.39322, 0.3941599999809265, 0.3977200000095367, 0.39748, 0.39968000000953674, 0.3980200000190735, 0.40344, 0.4019400000190735, 0.40094, 0.4051, 0.40953999999046325, 0.4100999999809265, 0.4103999999809265, 0.41073999998092653, 0.41026, 0.41240000000953675, 0.41371999999046327, 0.41484, 0.41603999996185304, 0.41486000001907347, 0.4182600000095367, 0.41998, 0.4178, 0.42295999999046324, 0.41936000000953677, 0.42402, 0.42316000000953674, 0.4266, 0.42534000000953676, 0.42683999998092653, 0.4296599999809265, 0.42871999999046323, 0.4292400000190735, 0.43156000000953676, 0.4308199999904633, 0.43226000003814696, 0.4323600000190735, 0.43335999999046326, 0.4336400000190735, 0.4370999999809265, 0.43732, 0.43617999999046325, 0.43644000001907346, 0.43952, 0.43877999998092654, 0.44177999999046325, 0.43878, 0.4398599999809265, 0.4441799999809265, 0.44337999999046324, 0.4460000000190735, 0.44602000000953673, 0.44688000000953676, 0.44468, 0.4455, 0.44852000000953673, 0.4473399999809265, 0.45090000000953673, 0.451599999961853, 0.45116, 0.45226, 0.4523600000190735, 0.4539000000190735, 0.4517799999809265, 0.4544600000190735]}