{"val_loss": [1.9901772045135497, 1.8992820627212526, 1.8320445083618164, 1.8045732767105103, 1.7637251991271972, 1.7358045057296754, 1.7038452281951904, 1.689608250427246, 1.6752916496276855, 1.657554499053955, 1.636165019607544, 1.6280592617034912, 1.6095275270462037, 1.6131012775421143, 1.611140113067627, 1.57218164768219, 1.5808396137237548, 1.55592389087677, 1.5600236255645752, 1.5346699943542481, 1.5336282703399657, 1.5394997226715088, 1.5089504638671876, 1.525224613571167, 1.5110314987182618, 1.5125908946990967, 1.5011709499359132, 1.4969576400756837, 1.507102184867859, 1.4833404666900636, 1.4738911434173585, 1.4702244159698485, 1.4625467807769776, 1.4646381998062135, 1.455216471862793, 1.4547662563323975, 1.4487553199768066, 1.439199409866333, 1.4654778842926026, 1.4402821922302247, 1.426505990600586, 1.4229961750030518, 1.4332946842193603, 1.4280057723999025, 1.4114193645477295, 1.4128533067703246, 1.4110756561279296, 1.4167363761901854, 1.3962857330322265, 1.4201788848876953, 1.4009633407592774, 1.4275782386779785, 1.414476950454712, 1.3946006393432617, 1.4264283576965333, 1.4423410949707032, 1.3843665216445924, 1.3824484489440918, 1.395143537902832, 1.3785813756942749, 1.376664401626587, 1.3699062515258789, 1.375756847190857, 1.3907997247695922, 1.3752868644714356, 1.3635414432525634, 1.374673821258545, 1.3578795364379883, 1.3694057376861573, 1.350994715309143, 1.3480609720230103, 1.3602294647216797, 1.340482427597046, 1.3685355285644532, 1.3559641609191895, 1.3582061416625977, 1.343127735710144, 1.3454690578460693, 1.3500981739044189, 1.3345088319778442, 1.371346907234192, 1.32921440448761, 1.3289104724884033, 1.3463997714996339, 1.3371475704193114, 1.3215998321533202, 1.3306575302124024, 1.328586103630066, 1.328713535308838, 1.3245615264892578, 1.332196488571167, 1.3388085248947144, 1.316000020980835, 1.3159119440078735, 1.318747638130188, 1.3382102592468261, 1.3073625282287598, 1.3460015380859376, 1.3101589988708495, 1.3178295608520507], "val_acc": [0.3058, 0.3389, 0.3609, 0.3645, 0.3861, 0.387, 0.4045, 0.4063, 0.4142, 0.4217, 0.4307, 0.4302, 0.436, 0.4374, 0.4326, 0.4487, 0.4495, 0.4556, 0.4536, 0.463, 0.4603, 0.4618, 0.471, 0.4578, 0.4713, 0.4698, 0.4685, 0.4754, 0.4664, 0.4745, 0.4801, 0.4822, 0.4788, 0.4788, 0.4889, 0.4785, 0.4853, 0.4842, 0.4785, 0.4929, 0.4929, 0.4919, 0.4861, 0.489, 0.4953, 0.4998, 0.5005, 0.4911, 0.5045, 0.4957, 0.5007, 0.4938, 0.5009, 0.5014, 0.4949, 0.4896, 0.5045, 0.505, 0.5, 0.5096, 0.5075, 0.5167, 0.5109, 0.5044, 0.5088, 0.5134, 0.5082, 0.5178, 0.5119, 0.5182, 0.5204, 0.5128, 0.5217, 0.5131, 0.5178, 0.5191, 0.5203, 0.5194, 0.5164, 0.5247, 0.5159, 0.5261, 0.5258, 0.5226, 0.5294, 0.5311, 0.5285, 0.526, 0.5219, 0.5273, 0.5223, 0.5249, 0.5286, 0.5326, 0.5265, 0.5231, 0.5334, 0.5234, 0.5278, 0.5322], "loss": [2.1791904707336425, 2.020346503829956, 1.9487295938110352, 1.902995945739746, 1.8688788173675537, 1.843719247779846, 1.8179347415924072, 1.797803317642212, 1.7807909704971314, 1.7623157433700563, 1.7542045141983031, 1.7393998958969117, 1.7258049224090577, 1.7109560278701783, 1.7010225716400147, 1.687217906150818, 1.6788167469024657, 1.6701958234024048, 1.6628264608383179, 1.6506751375579833, 1.6418927965545653, 1.6362484127426147, 1.6244490414047241, 1.6158430450057983, 1.609387767906189, 1.599598059692383, 1.599010796394348, 1.5881832523345947, 1.58427897895813, 1.5785530615997314, 1.5737795895767213, 1.5717090942764282, 1.559687268600464, 1.5553638470840454, 1.5526513915634155, 1.5435901648712158, 1.5362301300430299, 1.5324138175201416, 1.527618630027771, 1.5245216912841797, 1.5212647853851318, 1.5152125722503662, 1.5093073394775391, 1.5058458145141602, 1.499504316482544, 1.4941885850143433, 1.4961324801254272, 1.486757658958435, 1.4864124434280395, 1.4799964502716065, 1.4758008943176268, 1.4750047556304933, 1.4671599367523194, 1.4656362970733643, 1.4593253471755983, 1.4528543322372436, 1.452637339515686, 1.4483625728607177, 1.4468209340286255, 1.438925547027588, 1.4331041591644287, 1.4319236603164673, 1.4293778506851196, 1.4252876287460328, 1.4235031283187867, 1.425160811843872, 1.4176925387191772, 1.4142565089416503, 1.4090020502471923, 1.4058535753250123, 1.4069312763214112, 1.3997253159332275, 1.3954666638183593, 1.3937309888458251, 1.3955653370666503, 1.3874860025024414, 1.3821880074310302, 1.3822985567092896, 1.380303207397461, 1.3755027740859986, 1.3762332415771485, 1.3734956192779542, 1.3678742165756226, 1.3660165152740478, 1.3595729270172119, 1.353205844154358, 1.3566399114608765, 1.3551005625915526, 1.3523017457199096, 1.3476357176971436, 1.344285061416626, 1.3425110083770753, 1.3379142346954345, 1.335739030342102, 1.331640857925415, 1.3317942752075196, 1.3296658806228638, 1.3306359609222411, 1.3276488138580322, 1.3216506238937378], "acc": [0.19334000000476836, 0.25816000001907347, 0.29130000001907347, 0.3144, 0.3259000000190735, 0.34003999999046325, 0.3497000000095367, 0.3575400000190735, 0.3624399999904633, 0.3746600000190735, 0.37744000000953676, 0.3810199999809265, 0.38609999999046324, 0.39631999998092654, 0.39656, 0.40120000001907347, 0.40558000000953676, 0.40759999999046326, 0.4126000000190735, 0.4166600000190735, 0.42002000001907347, 0.42306, 0.4253599999809265, 0.4273800000190735, 0.4282399999809265, 0.43333999998092654, 0.43483999998092654, 0.43692000000953674, 0.4393600000190735, 0.43950000001907347, 0.44183999999046325, 0.44132, 0.44645999996185304, 0.44833999999046326, 0.44996000000953673, 0.4522, 0.4512, 0.4561399999809265, 0.45884, 0.460039999961853, 0.4606199999809265, 0.46546, 0.46372, 0.46624, 0.46716, 0.46980000001907346, 0.4695400000190735, 0.4721600000190735, 0.472359999961853, 0.47226, 0.47346, 0.47408, 0.4774800000190735, 0.479059999961853, 0.4794000000190735, 0.48302000001907347, 0.48354, 0.48504, 0.4861400000190735, 0.48805999998092653, 0.48918000001907347, 0.49034, 0.49216, 0.49400000000953675, 0.49278000001907346, 0.49314000003814695, 0.49466, 0.4969600000190735, 0.4977400000095367, 0.49862, 0.4989600000190735, 0.5005999999809265, 0.5029999999618531, 0.5062000000190735, 0.50332, 0.50412, 0.506519999961853, 0.5096200000190735, 0.5076799999809265, 0.5083400000190735, 0.5108800000381469, 0.5094399999809265, 0.5126000000190735, 0.5128200000190735, 0.5152400000095367, 0.5174199999618531, 0.515299999961853, 0.51538, 0.5164200000381469, 0.5207000000190735, 0.5188800000190735, 0.52074, 0.5217599999809265, 0.5202800000095368, 0.5221399999904632, 0.52516, 0.5256999999809265, 0.5243400000190734, 0.528339999961853, 0.527060000038147]}