{"val_loss": [1.880204859161377, 1.7929842651367187, 1.7342004062652587, 1.7115130096435547, 1.6688647579193114, 1.637023881149292, 1.6141057479858398, 1.5892803215026856, 1.5870281482696533, 1.5617228525161744, 1.5493700660705567, 1.5361094818115235, 1.5302577388763428, 1.5178092813491821, 1.5117269031524658, 1.4947034595489501, 1.4928589454650878, 1.4838769987106324, 1.4828977100372314, 1.4619504083633423, 1.461827942276001, 1.4500517206192016, 1.4468942768096924, 1.4457680711746215, 1.4337540647506715, 1.426915892982483, 1.438116233444214, 1.430973740386963, 1.4293404151916504, 1.4140883136749267, 1.411184966468811, 1.4071509910583495, 1.4067151832580567, 1.4055910121917725, 1.400121473312378, 1.3967664422988892, 1.3913760681152343, 1.3930481735229492, 1.3837609422683717, 1.380432569694519, 1.3772939186096191, 1.3772906991958618, 1.3723812713623047, 1.37682036151886, 1.3676190538406372, 1.36812273273468, 1.365415535736084, 1.3631526699066163, 1.359431616973877, 1.3573758207321167, 1.3563941062927245, 1.3553363719940186, 1.3575022075653076, 1.3476379877090454, 1.3555778881072997, 1.3466862998962403, 1.3427409801483154, 1.3443081607818603, 1.3401746572494506, 1.3489594692230225, 1.3413874683380127, 1.3403209682464599, 1.3320443826675414, 1.3439387977600097, 1.3354342308044433, 1.334219847869873, 1.3331006753921508, 1.3298529106140136, 1.3410331607818604, 1.3286790809631348, 1.3281009334564209, 1.326036269569397, 1.3212027912139892, 1.3193352710723878, 1.3166088550567627, 1.3200374073028565, 1.3214233097076415, 1.3219275943756104, 1.3194807289123536, 1.319249626159668, 1.3123924240112306, 1.3160189031600953, 1.3108867553710937, 1.3103489364624024, 1.3088391803741455, 1.3059255577087403, 1.3115172828674317, 1.30865404586792, 1.3181034141540526, 1.3047297525405883, 1.3078354761123656, 1.3023899353027344, 1.2996844882965088, 1.3059775840759278, 1.2974253782272338, 1.3011784507751465, 1.2973313789367675, 1.2982329610824586, 1.2969518657684327, 1.3033000513076782], "val_acc": [0.3347, 0.3762, 0.3907, 0.3937, 0.415, 0.4289, 0.4329, 0.4414, 0.4417, 0.4467, 0.4566, 0.4553, 0.46, 0.4627, 0.4643, 0.4695, 0.4734, 0.4767, 0.4752, 0.4844, 0.4812, 0.4877, 0.4895, 0.4862, 0.4963, 0.496, 0.4928, 0.493, 0.4974, 0.5002, 0.5013, 0.5005, 0.5009, 0.5002, 0.5064, 0.5062, 0.5081, 0.5039, 0.5087, 0.5073, 0.5109, 0.5132, 0.5147, 0.5137, 0.5151, 0.5174, 0.5153, 0.5196, 0.5191, 0.5226, 0.5211, 0.5181, 0.5241, 0.5227, 0.521, 0.524, 0.5259, 0.5267, 0.5255, 0.5229, 0.5228, 0.5241, 0.5328, 0.5216, 0.5268, 0.5272, 0.5267, 0.5286, 0.5295, 0.5291, 0.5314, 0.5301, 0.5327, 0.536, 0.5353, 0.5335, 0.5292, 0.532, 0.5346, 0.5329, 0.5375, 0.5315, 0.5369, 0.5365, 0.5377, 0.5395, 0.5364, 0.5377, 0.5328, 0.5377, 0.5398, 0.5391, 0.5364, 0.538, 0.5397, 0.5415, 0.5388, 0.5416, 0.5392, 0.5416], "loss": [2.0504444091033935, 1.8746486536026001, 1.8064543825912476, 1.7578791733169556, 1.7230242706298828, 1.694329960823059, 1.6693327109146119, 1.6487317125320435, 1.6287011777496339, 1.6124039249420166, 1.5941698663330077, 1.5814612300872803, 1.5675171071624756, 1.5544810165786742, 1.5451300046157836, 1.5310940855026245, 1.5216828965759277, 1.5137493185424804, 1.5049873941421508, 1.4959496866226196, 1.4883847329711914, 1.4769201696014405, 1.4733992879104614, 1.4646780085372926, 1.4597693322753906, 1.4493525434112549, 1.4467263498687744, 1.4396813005828857, 1.4347617516708373, 1.42978188041687, 1.422339308166504, 1.4165307941055298, 1.4122628496932983, 1.4066348407363891, 1.4005030919647217, 1.3949170461273193, 1.3909532052993774, 1.387175904006958, 1.3811636490249635, 1.377412448425293, 1.3737184316635132, 1.3689610262680054, 1.3689401596832276, 1.361287675933838, 1.3588049117279053, 1.3551460697937012, 1.3500408346557617, 1.3456576111602783, 1.3463566360092163, 1.3390039887237548, 1.338061575241089, 1.3346866900634766, 1.3281749671173095, 1.3274452159500123, 1.323919180831909, 1.3214538596343994, 1.316294850692749, 1.3141693144989013, 1.3105109918212892, 1.3090592906188965, 1.3057111987686156, 1.304213282432556, 1.30153309551239, 1.294832688369751, 1.2937721487808227, 1.2926506174468995, 1.286842844543457, 1.2881547690963746, 1.2841249588775634, 1.2812168319702149, 1.2818825967025758, 1.2755469036483764, 1.2768945858001708, 1.272632562789917, 1.2700127435302735, 1.2695373629379272, 1.263660026473999, 1.2620771239471436, 1.2582280529785157, 1.2609043669128417, 1.2553057677459716, 1.2518104455184937, 1.2532974687194824, 1.2476741842269898, 1.245040061416626, 1.247700838241577, 1.2427944956588746, 1.241980678024292, 1.2397473196029662, 1.2377161711883544, 1.2372138496017455, 1.2329205637931824, 1.2297543794631958, 1.2306448894500732, 1.2302195156097413, 1.2254916201019288, 1.2237390559387207, 1.2203786547851563, 1.2186440669631957, 1.2211898891067505], "acc": [0.25372, 0.3314999999809265, 0.3593799999809265, 0.37748, 0.38898, 0.3993799999809265, 0.40929999998092653, 0.4161600000190735, 0.42472, 0.43138000000953675, 0.43700000000953676, 0.4415199999809265, 0.4477000000190735, 0.4530200000190735, 0.45728, 0.46141999998092653, 0.46383999999046327, 0.46598000001907347, 0.4674599999809265, 0.47208000001907346, 0.47532, 0.47914, 0.4798600000190735, 0.4848799999809265, 0.48897999999046327, 0.48897999996185304, 0.4890800000190735, 0.49145999999046325, 0.49633999998092654, 0.49928, 0.4994599999809265, 0.50036, 0.5018999999809265, 0.5022800000190735, 0.5058799999809265, 0.5076600000381469, 0.5098600000095368, 0.512120000038147, 0.51294, 0.51264, 0.51468, 0.518599999961853, 0.5160800000190735, 0.520020000038147, 0.52194, 0.522940000038147, 0.5266200000190735, 0.527440000038147, 0.527720000038147, 0.5287799999904632, 0.5285399999809265, 0.5306200000190735, 0.5324799999904632, 0.532339999961853, 0.53316, 0.5354, 0.536699999961853, 0.5385199999809265, 0.5394400000190734, 0.539439999961853, 0.5419600000190735, 0.54104, 0.5439599999809265, 0.5460200000190735, 0.5448599999618531, 0.5442399999809265, 0.54808, 0.548339999961853, 0.5493799999904633, 0.549480000038147, 0.5484400000190734, 0.5525599999809265, 0.5507000000190735, 0.5517799999809265, 0.553700000038147, 0.55442, 0.5540600000095367, 0.557539999961853, 0.5575200000095367, 0.5566600000095367, 0.56096, 0.5603200000190734, 0.5605199999809265, 0.5596200000095367, 0.5625799999809266, 0.5616000000190735, 0.5638199999618531, 0.5645999999809265, 0.5638999999809265, 0.5646400000190734, 0.5644400000190735, 0.56796, 0.56838, 0.56814, 0.5707399999809265, 0.5690400000190735, 0.5712000000190735, 0.5698199999618531, 0.5714400000190735, 0.57202]}