{"val_loss": [1.8770531433105468, 1.7825339031219483, 1.7193965246200562, 1.6983488870620727, 1.6495399019241332, 1.6072215492248536, 1.5879325714111328, 1.5561551546096801, 1.5684831253051759, 1.5372097557067872, 1.5025844593048097, 1.5005603176116944, 1.4713077732086182, 1.4718237716674805, 1.4655497253417968, 1.447880737876892, 1.4470671012878418, 1.4195524589538575, 1.4306778131484985, 1.3992251216888427, 1.398019944190979, 1.3884907627105714, 1.3787814163208008, 1.4244996946334838, 1.3773826271057128, 1.3696000419616698, 1.4140766561508178, 1.3607588653564453, 1.3602589195251464, 1.3453210933685302, 1.3412121711730958, 1.3333345920562745, 1.3623868253707885, 1.3341656341552734, 1.3364900455474853, 1.3702403972625732, 1.349138832473755, 1.3298126737594604, 1.3239947166442871, 1.348111650276184, 1.3762779361724853, 1.3478048292160034, 1.2965666618347167, 1.2869727653503418, 1.340657884979248, 1.3053506155014039, 1.292041436767578, 1.352369775390625, 1.2930599668502807, 1.3640517894744872, 1.3369094186782837, 1.3320028875350953, 1.3584391830444336, 1.2850512897491455, 1.266871761894226, 1.3259312686920166, 1.3308177059173585, 1.2665786376953125, 1.311828227996826, 1.2859347648620605, 1.2531953464508057, 1.3754735307693482, 1.3496362966537476, 1.2648262577056886, 1.2871942306518556, 1.280523881149292, 1.2694961210250855, 1.3534447063446045, 1.2764352724075316, 1.345307769012451, 1.2931573146820068, 1.2935366683959961, 1.2514005214691162, 1.2392534740447998, 1.2952665393829346, 1.2539814912796021, 1.3518336322784423, 1.2694982639312744, 1.2936842720031738, 1.308246431350708, 1.2712957515716552, 1.2938574577331543, 1.3390146396636964, 1.2528814205169678, 1.2685345720291137, 1.271489940261841, 1.2571729030609131, 1.3151442670822144, 1.257105780982971, 1.245040761566162, 1.2638634952545167, 1.2572683204650879, 1.3366110027313232, 1.3074882318496703, 1.271222681427002, 1.3009675342559814, 1.2849592947006225, 1.269924543762207, 1.269624270439148, 1.2970939210891723], "val_acc": [0.3365, 0.3708, 0.391, 0.3967, 0.415, 0.434, 0.4397, 0.4535, 0.4461, 0.4589, 0.4699, 0.4635, 0.4828, 0.4751, 0.4783, 0.4858, 0.4832, 0.4941, 0.484, 0.5051, 0.5039, 0.509, 0.5121, 0.4894, 0.5116, 0.5096, 0.4978, 0.5186, 0.5188, 0.5177, 0.5175, 0.5266, 0.5101, 0.5248, 0.5251, 0.5124, 0.5224, 0.5275, 0.5297, 0.5206, 0.5191, 0.5186, 0.5368, 0.5409, 0.5244, 0.5343, 0.5384, 0.5174, 0.5366, 0.5203, 0.5374, 0.5308, 0.5166, 0.5378, 0.5495, 0.5288, 0.5319, 0.5567, 0.5309, 0.5446, 0.5525, 0.5241, 0.5311, 0.5492, 0.5442, 0.5517, 0.5485, 0.5329, 0.5537, 0.5326, 0.5413, 0.5441, 0.5562, 0.561, 0.55, 0.5569, 0.5307, 0.5499, 0.5528, 0.548, 0.5608, 0.5488, 0.5343, 0.5635, 0.5534, 0.5545, 0.5628, 0.5481, 0.5599, 0.569, 0.5647, 0.5612, 0.5447, 0.5454, 0.5612, 0.5485, 0.5605, 0.5602, 0.5633, 0.5609], "loss": [2.0760693426513672, 1.8917845587539672, 1.813321619796753, 1.7613500092315675, 1.7175213874053956, 1.6818437281036378, 1.654670697593689, 1.631445418663025, 1.604931413192749, 1.5861959634780884, 1.5667588925933837, 1.549517346420288, 1.5338118627929687, 1.5154946435546874, 1.505662445755005, 1.4901858444213867, 1.4755929135894776, 1.4622774590301513, 1.4506989291763306, 1.432834586982727, 1.425762020225525, 1.412717290725708, 1.4059759885025025, 1.3913446018218993, 1.3801048644256593, 1.370887691268921, 1.3607392938613891, 1.3492193436050415, 1.3442102451324462, 1.3351950422668457, 1.3267221258926392, 1.3126822145843506, 1.3099465244293214, 1.3001383936309814, 1.288113176803589, 1.2813015087890625, 1.2755118228912354, 1.2667125821685792, 1.2601621688461304, 1.2512159704589845, 1.2408150412750245, 1.2335528227615356, 1.2287363648986815, 1.2208343195343017, 1.2144786904907225, 1.206702654914856, 1.192987975616455, 1.192165833053589, 1.1772602865600585, 1.1735585318756103, 1.1661978549194336, 1.163338422203064, 1.1565339505767822, 1.1471145461273193, 1.136991071281433, 1.1308205011749268, 1.12582643699646, 1.1201478188323974, 1.1135141456604003, 1.103957243118286, 1.09639617477417, 1.092268675880432, 1.0855869455718994, 1.0821123638534547, 1.0709809363174438, 1.0697605179595948, 1.0602624346542358, 1.049283560218811, 1.0499596244812013, 1.0420575164413453, 1.035805180091858, 1.030873057975769, 1.0219183471298219, 1.0150910400390625, 1.0100982883071898, 1.0062780968475342, 0.9969281998443603, 0.9920532735824585, 0.9867087866210937, 0.9760938322067261, 0.9709939337539673, 0.961483630027771, 0.9605929390335083, 0.9585097149658203, 0.9443821051216126, 0.9363940636634827, 0.9412987425613404, 0.9339024577140808, 0.9267770838928223, 0.9209759010124207, 0.9136342139053345, 0.9031471932983398, 0.9015689538192749, 0.8953446101760865, 0.8864088238334655, 0.8886388202285767, 0.8817049393081665, 0.875049674987793, 0.8656368802070618, 0.8596037226676941], "acc": [0.23813999998092653, 0.31695999999046326, 0.35198, 0.3726000000190735, 0.38860000000953676, 0.4032200000095367, 0.41002000000953676, 0.4203599999809265, 0.4309599999809265, 0.4381999999809265, 0.44493999998092654, 0.45043999999046325, 0.4569399999809265, 0.46382, 0.46502000000953675, 0.47254000003814695, 0.4764400000190735, 0.48094, 0.48559999999046327, 0.4924399999904633, 0.49535999999046326, 0.4975199999809265, 0.5010200000190735, 0.50538, 0.5115200000095368, 0.51196, 0.5160399999904632, 0.5220200000190734, 0.52454, 0.5256000000190735, 0.528839999961853, 0.5350600000190735, 0.532839999961853, 0.5390600000190735, 0.54246, 0.54684, 0.54732, 0.5487600000190734, 0.553319999961853, 0.5568399999809265, 0.5597200000190735, 0.5627199999809265, 0.56478, 0.565539999961853, 0.5675000000381469, 0.5722, 0.5778599999809265, 0.57792, 0.582779999961853, 0.5852400000190735, 0.5855799999618531, 0.5879599999809265, 0.588239999961853, 0.5919200000381469, 0.594660000038147, 0.5960200000095367, 0.6006999999618531, 0.6023800000190734, 0.605939999961853, 0.6101199999809265, 0.6129, 0.6113199999809266, 0.61392, 0.614140000038147, 0.6184, 0.620140000038147, 0.6230000000190735, 0.6253999999809265, 0.6263599999809265, 0.6276799999809265, 0.63128, 0.6329400000190735, 0.6354400000190735, 0.6370000000190735, 0.6389600000190735, 0.640160000038147, 0.644680000038147, 0.64556, 0.649140000038147, 0.6496600000190735, 0.6564999999809266, 0.65562, 0.659279999961853, 0.658319999961853, 0.6628600000381469, 0.665799999961853, 0.66574, 0.6668799999809265, 0.6680800000381469, 0.669419999961853, 0.67308, 0.6780800000190735, 0.67714, 0.6811600000381469, 0.6808999999809265, 0.686519999961853, 0.6851800000190735, 0.68882, 0.689319999961853, 0.6932800000190735]}