{"val_loss": [1.9823841503143311, 1.8767226959228516, 1.8196826847076415, 1.784881519317627, 1.7477108179092407, 1.7236452226638794, 1.711307957839966, 1.686393924331665, 1.659292576599121, 1.651986037826538, 1.6321680561065675, 1.6250589492797851, 1.6058974426269532, 1.622205192565918, 1.589443846130371, 1.5703189056396485, 1.5647731052398681, 1.567592825126648, 1.5506234170913695, 1.5304080177307129, 1.5323343194961547, 1.536006003189087, 1.5162518863677978, 1.5285512300491333, 1.519411790084839, 1.492638957977295, 1.4856837478637694, 1.4880388214111329, 1.4832611000061036, 1.4709568698883058, 1.4721322441101075, 1.4612124591827393, 1.467782132911682, 1.464183689880371, 1.443175323486328, 1.449393821334839, 1.4425230764389039, 1.447272361755371, 1.4384016674041749, 1.433794345664978, 1.4618341304779052, 1.4540373252868652, 1.4312350313186646, 1.4481261631011964, 1.4256345375061035, 1.4095257411956787, 1.4258601722717286, 1.4399854007720947, 1.4032438758850099, 1.3941811653137206, 1.4037831520080566, 1.4072109382629394, 1.3890620979309083, 1.419734186553955, 1.3912062412261963, 1.3858841575622558, 1.409170021057129, 1.3817055347442626, 1.3893006572723388, 1.3799614227294923, 1.389930993270874, 1.3807830339431764, 1.3978211723327636, 1.3660196350097655, 1.3693963445663453, 1.3918790855407714, 1.3530370328903198, 1.3639383979797364, 1.3567857677459716, 1.3663250968933105, 1.3537542711257935, 1.3671667797088622, 1.341065168762207, 1.352810707473755, 1.3769173469543456, 1.3391772785186769, 1.357710376548767, 1.3469125347137452, 1.3445625444412233, 1.3385792545318604, 1.3343025791168213, 1.3331423400878906, 1.3514992708206177, 1.3306532920837402, 1.331632470703125, 1.333795576095581, 1.335456003189087, 1.3275383842468262, 1.3414571563720703, 1.3220696273803711, 1.321972288131714, 1.3238333881378175, 1.3360098440170287, 1.3292098424911498, 1.3290788995742797, 1.317733482170105, 1.3112737306594848, 1.3227746154785156, 1.3191217998504638, 1.3184320014953614], "val_acc": [0.3253, 0.3478, 0.3614, 0.371, 0.3927, 0.3992, 0.4023, 0.4107, 0.4212, 0.4267, 0.4301, 0.4352, 0.4411, 0.4392, 0.4459, 0.45, 0.4584, 0.4568, 0.4589, 0.4666, 0.461, 0.4631, 0.4674, 0.4571, 0.4678, 0.4789, 0.479, 0.4775, 0.4755, 0.4841, 0.4775, 0.4846, 0.4895, 0.482, 0.4892, 0.4897, 0.4883, 0.4869, 0.4895, 0.4899, 0.4754, 0.4816, 0.4878, 0.4876, 0.4931, 0.4987, 0.4911, 0.4896, 0.4985, 0.5067, 0.5073, 0.499, 0.5063, 0.495, 0.5107, 0.5112, 0.494, 0.5096, 0.51, 0.5092, 0.5114, 0.5066, 0.5009, 0.5088, 0.5113, 0.498, 0.5134, 0.514, 0.5167, 0.513, 0.5181, 0.5125, 0.5189, 0.5233, 0.5089, 0.5223, 0.5118, 0.5191, 0.5218, 0.5208, 0.5276, 0.5283, 0.5198, 0.5249, 0.5242, 0.5266, 0.5251, 0.5252, 0.5283, 0.526, 0.5218, 0.5269, 0.5207, 0.5226, 0.5219, 0.5314, 0.5257, 0.53, 0.53, 0.5259], "loss": [2.171822060546875, 2.004930940589905, 1.936424416885376, 1.8902005603027343, 1.8560303832626344, 1.8302269869232177, 1.8100501572036742, 1.7869045401763917, 1.7743231619644164, 1.7588390826797486, 1.7427188262557984, 1.7274868601989746, 1.7192568883895873, 1.704769676513672, 1.6901459745025635, 1.6822583095550536, 1.6704648279571532, 1.6645792529678345, 1.6483315298461914, 1.6422540731811524, 1.6329557222747804, 1.627980304031372, 1.6206495639038085, 1.6148088201522828, 1.6079707104110719, 1.5973418798828125, 1.5933597351455688, 1.5814333407211303, 1.5817266946792603, 1.5758279413604737, 1.5664962521743775, 1.5623650492095946, 1.5545916864395142, 1.5552346860504151, 1.5427338552474976, 1.5383784143447876, 1.529829012413025, 1.5301870526885986, 1.5205312714004517, 1.5143440203857421, 1.512586918296814, 1.50423715965271, 1.507246805267334, 1.500767594985962, 1.4970789725494384, 1.4896095348358154, 1.4847982174682617, 1.4856139504623413, 1.478164268875122, 1.4754619986724853, 1.4703373863983153, 1.4668036685180663, 1.4640276748275758, 1.459786143913269, 1.4536861255645752, 1.4467249726867675, 1.4467505307769775, 1.44663665309906, 1.4434601135635377, 1.4375674654388428, 1.433881944732666, 1.4315183047485351, 1.4294826470565796, 1.4229894857406615, 1.4185516941070557, 1.4153043743515015, 1.4147220141220094, 1.4101982833099365, 1.4073021660614013, 1.3997309103775024, 1.397897295150757, 1.401112019920349, 1.3963304445648193, 1.3910843553924561, 1.3880556191253661, 1.381057470932007, 1.3806116174697876, 1.3755429973983764, 1.3737602880859374, 1.3728778916168214, 1.3657263382720948, 1.3628203839492798, 1.3610476864624024, 1.3632601676177978, 1.353292073135376, 1.3510021810150146, 1.353206912651062, 1.3473906484222413, 1.3427253412246705, 1.3422690055084228, 1.3382034715270996, 1.3391743857192993, 1.332903468055725, 1.3306166997909545, 1.3299017728424072, 1.3280824855804443, 1.3237067877578734, 1.323530764503479, 1.3206273656845093, 1.3117814755249024], "acc": [0.19792, 0.2706200000190735, 0.3011400000190735, 0.3199199999809265, 0.33247999999046324, 0.34535999999046324, 0.35216, 0.3641000000190735, 0.3671600000190735, 0.37399999999046324, 0.38012, 0.3862, 0.39066, 0.3961200000190735, 0.39834000000953673, 0.40152, 0.4049400000190735, 0.41013999998092654, 0.414199999961853, 0.41604, 0.42261999999046324, 0.4244800000190735, 0.426, 0.4295999999809265, 0.43157999999046326, 0.4336600000190735, 0.43636, 0.4404199999809265, 0.44293999999046324, 0.4406, 0.44507999999046327, 0.44764, 0.45016, 0.4494199999809265, 0.4547800000190735, 0.45608, 0.459580000038147, 0.45734, 0.45996, 0.46417999996185305, 0.46554, 0.46699999999046327, 0.4667, 0.46772, 0.4706000000095367, 0.4699999999809265, 0.4724199999809265, 0.471419999961853, 0.47228000003814696, 0.47531999996185303, 0.47847999999046326, 0.47865999999046327, 0.48107999999046325, 0.47893999999046327, 0.48214, 0.48698000003814695, 0.48516, 0.486119999961853, 0.48625999999046327, 0.4913799999809265, 0.48916, 0.49306, 0.4916000000190735, 0.4930399999809265, 0.4923600000190735, 0.49684000001907347, 0.49672, 0.5011000000381469, 0.4984800000190735, 0.5031399999809265, 0.5003400000095367, 0.5051400000190734, 0.5015799999809265, 0.504060000038147, 0.507380000038147, 0.5070800000190735, 0.507819999961853, 0.5094999999904632, 0.5092999999809266, 0.5103999999809266, 0.5145200000190735, 0.5161000000190735, 0.514800000038147, 0.5128799999809265, 0.517560000038147, 0.5167600000190735, 0.5183600000190735, 0.5193399999904632, 0.5218000000190735, 0.51962, 0.5232999999618531, 0.5224000000190735, 0.52682, 0.5266399999618531, 0.5246599999904633, 0.5271799999809265, 0.5293400000190734, 0.527559999961853, 0.5286000000190735, 0.5304400000190734]}