{"val_loss": [2.266627420043945, 2.233004419708252, 2.1964810592651367, 2.1563207527160646, 2.119139708709717, 2.0856599182128908, 2.057823711967468, 2.034579971694946, 2.013731396484375, 1.996325231552124, 1.9809039567947389, 1.9676892978668212, 1.9562933010101318, 1.9467568691253663, 1.9378854393005371, 1.9290168798446656, 1.9220890216827393, 1.9151397029876709, 1.9089130699157715, 1.904119285583496, 1.8980800220489502, 1.8935242950439453, 1.8888115909576415, 1.8842467096328734, 1.881219030380249, 1.876804899597168, 1.8735152145385743, 1.870489483642578, 1.8671989276885987, 1.8623796489715576, 1.8586523118972778, 1.8553697380065919, 1.851594527053833, 1.848343650817871, 1.8455399045944214, 1.842430941772461, 1.8393675384521484, 1.8369318258285523, 1.8341298290252686, 1.8302768989562987, 1.8279052181243896, 1.8252259685516357, 1.8225698970794677, 1.819664052581787, 1.8169210556030273, 1.813971994972229, 1.8115387939453125, 1.8091752128601075, 1.806783387374878, 1.8038730730056762, 1.8020508001327515, 1.7993417135238647, 1.7968202537536622, 1.7947439846038817, 1.7928884216308594, 1.7900879190444947, 1.7886422584533692, 1.785555781173706, 1.783336251449585, 1.7816581003189087, 1.7790346143722535, 1.7775783332824706, 1.7757188823699952, 1.7734665889739991, 1.7710436876296998, 1.769343998336792, 1.7666632221221923, 1.7646084243774414, 1.7626140279769897, 1.760897403717041, 1.7594581106185914, 1.7568492246627807, 1.7548390487670897, 1.7543529188156128, 1.7526800952911377, 1.7500391450881958, 1.747763569831848, 1.7471310111999512, 1.7450453132629395, 1.742312919807434, 1.7402745498657226, 1.7384871253967284, 1.7365728765487671, 1.7344003223419189, 1.7347105226516724, 1.732018913269043, 1.7302999809265136, 1.7279134338378905, 1.726250728034973, 1.724302632522583, 1.7223612789154052, 1.7207495109558106, 1.7195829540252685, 1.7175945487976074, 1.716930617904663, 1.7147156831741333, 1.7126367652893066, 1.7126139671325684, 1.7099023513793945, 1.707657919692993], "val_acc": [0.1871, 0.2348, 0.2481, 0.2598, 0.2804, 0.2924, 0.2887, 0.2995, 0.3063, 0.2999, 0.3066, 0.3001, 0.3088, 0.312, 0.3109, 0.3191, 0.3172, 0.3187, 0.3222, 0.3278, 0.3296, 0.3298, 0.3346, 0.3335, 0.3363, 0.336, 0.3368, 0.3424, 0.3398, 0.3435, 0.345, 0.3439, 0.3463, 0.3488, 0.3481, 0.3517, 0.3512, 0.3521, 0.3559, 0.3554, 0.3557, 0.3572, 0.3587, 0.3579, 0.3585, 0.3625, 0.3645, 0.3604, 0.3643, 0.3616, 0.3649, 0.367, 0.367, 0.3691, 0.3689, 0.3694, 0.3663, 0.3726, 0.3705, 0.3691, 0.3735, 0.3714, 0.3744, 0.3735, 0.3754, 0.3742, 0.3788, 0.3767, 0.3791, 0.377, 0.3788, 0.3799, 0.3834, 0.3817, 0.3827, 0.3796, 0.383, 0.3847, 0.3835, 0.3841, 0.3871, 0.3884, 0.3858, 0.3887, 0.3889, 0.386, 0.39, 0.3911, 0.3905, 0.3924, 0.3928, 0.3914, 0.3925, 0.3935, 0.3922, 0.3948, 0.395, 0.3903, 0.3963, 0.3985], "loss": [2.346638002166748, 2.2976139292907716, 2.257544870681763, 2.219050718688965, 2.1785416270446776, 2.1473636280059814, 2.115006749038696, 2.086610472717285, 2.0663295323181154, 2.0471031477355957, 2.030862822113037, 2.01500765296936, 2.0042240254974364, 1.9934155264663695, 1.983491427001953, 1.973222575378418, 1.9685649962615968, 1.9591885735702514, 1.9513416213226318, 1.945490590286255, 1.940068963394165, 1.9342256951904298, 1.9308421361541748, 1.9250231119537353, 1.9240614819335937, 1.917741834411621, 1.9139141622924805, 1.9093428442001343, 1.9058021869277955, 1.901274733276367, 1.8990512237548829, 1.893463876914978, 1.8891329471588134, 1.8870129913330078, 1.8843373152923584, 1.8802369580459595, 1.8783750922393798, 1.87425044670105, 1.870499567604065, 1.8673798584747314, 1.8673441674041749, 1.8633508620834351, 1.8611303341293335, 1.857376883506775, 1.855212226638794, 1.8527304074859618, 1.8502458233642578, 1.8487617025375367, 1.8448030109405518, 1.84061413936615, 1.840459246749878, 1.8377776351928712, 1.8339640356063842, 1.8342265664672852, 1.8303465079498291, 1.8287749478912354, 1.8266349145889282, 1.8261390534973145, 1.8228315222930909, 1.8186426448822022, 1.8186086415863036, 1.8175877744293212, 1.8135794918060302, 1.8127800256729125, 1.809627290649414, 1.8066151248931885, 1.8057717144775391, 1.805459360961914, 1.8032443447875977, 1.7996451544952392, 1.800692307662964, 1.7975309651947022, 1.7955200818634034, 1.7934779180145264, 1.7921671881866454, 1.789668514328003, 1.7865402273178101, 1.7850509832000732, 1.7848840897369385, 1.7812401291275024, 1.779858325881958, 1.7775594899368286, 1.7782223181152343, 1.7735498428344727, 1.771453676223755, 1.7729929308319092, 1.7682540976333618, 1.7659139553451537, 1.7681878237915039, 1.7650787453460692, 1.7631212699127197, 1.7626150314712525, 1.7608921346664428, 1.7588311893081665, 1.7572626098632813, 1.7552340924835206, 1.753972649307251, 1.7521652898788451, 1.749295089187622, 1.750456090927124], "acc": [0.10952, 0.12883999999523163, 0.15107999999523164, 0.17178000000953675, 0.18964000000476838, 0.2008599999976158, 0.21256000000476838, 0.22600000000476836, 0.23311999999046326, 0.24424, 0.2491399999809265, 0.2604799999904633, 0.26322, 0.26634, 0.27642, 0.2791000000095367, 0.28174, 0.28626, 0.29178, 0.29474, 0.29653999999046327, 0.30017999998092654, 0.3014199999809265, 0.3040400000190735, 0.3027199999809265, 0.3093599999809265, 0.30857999999046326, 0.3116000000190735, 0.31556, 0.3157, 0.3174799999904633, 0.31972, 0.3218999999809265, 0.32150000000953677, 0.32288, 0.32284, 0.32626000000953675, 0.32767999999046327, 0.3300600000190735, 0.33098000001907346, 0.33227999999046326, 0.33198, 0.33020000000953675, 0.33599999999046326, 0.33606000000953673, 0.3354600000190735, 0.33858000000953675, 0.33929999999046323, 0.3406000000190735, 0.34212000000953674, 0.3414599999904633, 0.3416799999809265, 0.3445, 0.34766000000953673, 0.34542, 0.34701999999046323, 0.34832, 0.34679999998092653, 0.34923999998092653, 0.3488399999904633, 0.35038, 0.34990000000953675, 0.35143999999046327, 0.3537599999809265, 0.35314, 0.3533400000190735, 0.35461999999046323, 0.35547999999046326, 0.35686000000953677, 0.35739999998092653, 0.35706, 0.35892, 0.3597800000190735, 0.35917999999046324, 0.3584800000190735, 0.3593799999809265, 0.36240000001907346, 0.3628799999904633, 0.36264, 0.36532, 0.36383999999046324, 0.3657200000190735, 0.36502, 0.36904, 0.36840000001907347, 0.36667999998092654, 0.3705799999809265, 0.37040000001907347, 0.3689399999809265, 0.37034000001907347, 0.3705399999904633, 0.37264, 0.37112000000953677, 0.37302, 0.37264, 0.3718999999809265, 0.37291999999046327, 0.37822000000953676, 0.3754, 0.37479999999046326]}