{"val_loss": [1.871985101890564, 1.7886011264801025, 1.730818152618408, 1.6873948596954347, 1.666484272956848, 1.6251519844055176, 1.6269697811126709, 1.5811853519439698, 1.562298882675171, 1.5554411556243897, 1.5171978649139404, 1.5185384809494018, 1.507888568687439, 1.4895934007644653, 1.474572886276245, 1.4765054500579835, 1.46378375415802, 1.4483681493759155, 1.446835143661499, 1.4357911163330077, 1.4226604125976563, 1.4360370040893555, 1.4164887098312378, 1.4046292644500733, 1.4017003803253174, 1.4040374202728272, 1.4022183261871337, 1.3871651679992676, 1.3843576717376709, 1.3951226886749268, 1.4033030296325684, 1.4068118381500243, 1.3869945713043212, 1.386097179031372, 1.3639980880737306, 1.3914870824813843, 1.366663584136963, 1.364023256111145, 1.3512079555511474, 1.3530781421661378, 1.3475518829345703, 1.3433693935394286, 1.3285165592193604, 1.3824615837097167, 1.329565230178833, 1.3394587421417237, 1.3130041444778442, 1.3210754791259767, 1.3160413484573363, 1.308854942703247, 1.3125672317504882, 1.3147674831390381, 1.332189886856079, 1.3469807191848755, 1.312465016555786, 1.3023269485473632, 1.332715743637085, 1.4531307315826416, 1.297553063583374, 1.3620470588684082, 1.2875690921783447, 1.2843309673309327, 1.3022403060913086, 1.2936776458740233, 1.3002040588378907, 1.276686311340332, 1.2749087760925293, 1.3129320442199708, 1.2723144271850586, 1.303038264465332, 1.2853786643981933, 1.2707843265533447, 1.2712156318664551, 1.4183680994033814, 1.3158044019699098, 1.2887470947265625, 1.3296366073608399, 1.2767469093322754, 1.303654454612732, 1.2835898435592652, 1.3501260475158692, 1.274903219985962, 1.2930096309661865, 1.292673394012451, 1.278621586227417, 1.2823144565582276, 1.3110781661987305, 1.2752373693466186, 1.326944753074646, 1.2771940246582032, 1.3024490379333495, 1.3040655599594115, 1.2849965538024903, 1.3499726863861083, 1.2946462390899658, 1.3256621231079102, 1.301452410507202, 1.2551347774505615, 1.3074697269439697, 1.2838134948730469], "val_acc": [0.3555, 0.375, 0.3909, 0.4118, 0.4098, 0.4256, 0.4304, 0.4405, 0.4561, 0.4526, 0.4643, 0.4675, 0.472, 0.4769, 0.4791, 0.4793, 0.4872, 0.4905, 0.4896, 0.4939, 0.4983, 0.4976, 0.4961, 0.4961, 0.5043, 0.4975, 0.499, 0.509, 0.5119, 0.5023, 0.5088, 0.4999, 0.5108, 0.5112, 0.5146, 0.5119, 0.5082, 0.5163, 0.524, 0.5255, 0.5183, 0.5244, 0.5259, 0.507, 0.5274, 0.5275, 0.533, 0.5327, 0.5305, 0.5347, 0.5399, 0.5335, 0.5281, 0.5262, 0.5307, 0.5367, 0.5327, 0.4915, 0.5374, 0.5126, 0.5414, 0.5472, 0.5396, 0.542, 0.5461, 0.5468, 0.5492, 0.5311, 0.5496, 0.5399, 0.5509, 0.5486, 0.5513, 0.4989, 0.5306, 0.5468, 0.5355, 0.5464, 0.545, 0.5443, 0.5287, 0.5449, 0.542, 0.5359, 0.5497, 0.5482, 0.535, 0.5491, 0.5329, 0.5439, 0.532, 0.5356, 0.5522, 0.5302, 0.5396, 0.5365, 0.545, 0.5569, 0.5365, 0.5551], "loss": [2.045533731651306, 1.8753537725830078, 1.8007202494049073, 1.7509174672698975, 1.7136866901016234, 1.6840374422454834, 1.6555475058364868, 1.6319719418334961, 1.6128495099258422, 1.5936253885650635, 1.5757463483810425, 1.560004123878479, 1.5434299240493774, 1.5318649491119385, 1.5197929244613648, 1.5045719557952881, 1.4919899108886718, 1.4800030347442628, 1.4692517867279054, 1.4600076300811768, 1.4489785485076905, 1.4404316049957275, 1.4316166316223145, 1.4209238809967042, 1.4142738579940797, 1.4055356183624268, 1.3947208966445923, 1.3874320700454712, 1.3788481685638427, 1.3740023838806152, 1.36438225025177, 1.3568924013519288, 1.3480764566802979, 1.3427044634246825, 1.3354521335983276, 1.3305983473968506, 1.3224794625091554, 1.3151080354690552, 1.303032698173523, 1.3034439107513427, 1.2984192765808105, 1.2935168364715577, 1.2822256752395629, 1.2766425552749634, 1.2692248205184937, 1.264734143714905, 1.264014666748047, 1.255057968788147, 1.2478284407806397, 1.244058384628296, 1.2376200729751587, 1.2302808523178101, 1.2274394250106813, 1.2212376286697388, 1.2182798709869385, 1.2070437844085693, 1.2008803296279906, 1.1991804500579835, 1.1979298990249634, 1.1890226261138916, 1.1849591532135009, 1.1817077388000488, 1.1720573302459716, 1.1684610962295532, 1.1620014867782593, 1.1636564330673218, 1.156300221939087, 1.1490234511566162, 1.1459380131149293, 1.14493905002594, 1.1378973805236816, 1.1332734175872803, 1.1278527872848512, 1.129404992790222, 1.1178232423400878, 1.1173596467590332, 1.1124397702026367, 1.1024901806640626, 1.0995444662475586, 1.0943525114440917, 1.0935269717216491, 1.0904970146560669, 1.0848185289001464, 1.0783135388183593, 1.0725135666275025, 1.066437661819458, 1.0672281259536742, 1.0632944267463684, 1.060214372367859, 1.0548979885482788, 1.0487492798614502, 1.0476508436203003, 1.0372802661895753, 1.0371986083984375, 1.0351037234497071, 1.0271352938842773, 1.029223395690918, 1.022347992515564, 1.0199403541183472, 1.0122762851715088], "acc": [0.25648, 0.331, 0.36311999998092653, 0.38159999999046323, 0.39454, 0.4043799999809265, 0.41712000000953675, 0.4248, 0.43146, 0.4365999999904633, 0.4437600000190735, 0.44951999999046327, 0.45669999999046323, 0.461100000038147, 0.4668999999904633, 0.46986000001907346, 0.47452, 0.47608, 0.48425999999046326, 0.48616000000953674, 0.4902400000190735, 0.4924200000190735, 0.49502, 0.5001599999809265, 0.501580000038147, 0.5063399999904633, 0.5095199999809266, 0.5092600000190735, 0.5163599999809265, 0.5160600000190735, 0.5198199999809265, 0.5229600000095368, 0.5246600000190735, 0.52676, 0.5308400000190735, 0.529920000038147, 0.5363999999809265, 0.5355000000095368, 0.54064, 0.5394599999904632, 0.54284, 0.5458800000190734, 0.5489599999904633, 0.54878, 0.5516, 0.556079999961853, 0.5519000000190735, 0.55712, 0.5603600000190735, 0.5621600000381469, 0.561780000038147, 0.5670200000190735, 0.5659999999809265, 0.5699400000381469, 0.57182, 0.5745000000381469, 0.57582, 0.5753599999809265, 0.5755400000190735, 0.5799199999809265, 0.5827400000190734, 0.5838399999809265, 0.5850799999809265, 0.5875999999809265, 0.590540000038147, 0.5876000000381469, 0.5931200000190735, 0.595500000038147, 0.595319999961853, 0.59504, 0.598639999961853, 0.6, 0.6008399999809265, 0.60298, 0.6042799999809265, 0.6035800000190735, 0.6078799999809266, 0.609480000038147, 0.6116999999809265, 0.612839999961853, 0.61144, 0.6133999999904632, 0.6173199999809265, 0.6167000000190734, 0.6223999999809265, 0.6210400000190734, 0.6220399999809265, 0.62338, 0.6244799999809265, 0.626759999961853, 0.6290399999809265, 0.6284999999809265, 0.6327399999809266, 0.633379999961853, 0.6341400000190734, 0.6355199999809266, 0.63674, 0.6385400000190735, 0.640240000038147, 0.6395999999809265]}