{"val_loss": [1.8248833713531494, 1.748768763923645, 1.63926366481781, 1.6585002494812011, 1.5960114463806152, 1.5137205017089843, 1.4826603704452515, 1.4859483419418336, 1.4712637950897216, 1.4453999549865724, 1.4239123254776, 1.4516476686477662, 1.398941214942932, 1.3997766483306884, 1.3959034507751464, 1.5435838745117187, 1.343163024520874, 1.386335203552246, 1.4323455982208253, 1.3609860599517822, 1.3541751220703124, 1.3913666526794433, 1.352055080795288, 1.3460981409072876, 1.3561126480102539, 1.3099877811431884, 1.4149860404968262, 1.371511820602417, 1.2882003160476685, 1.3179065105438232, 1.2980038040161133, 1.3192787395477295, 1.3854412717819213, 1.2942585144042968, 1.27103801612854, 1.3059032466888427, 1.345681254386902, 1.2714419641494752, 1.262980623626709, 1.2918161876678467, 1.242227989578247, 1.2676239307403565, 1.4402522609710693, 1.2748233455657958, 1.3304203189849853, 1.314253037071228, 1.274918124771118, 1.2944938243865967, 1.2567133575439453, 1.262468616104126, 1.2784845867156982, 1.2859146905899048, 1.2611816856384277, 1.3284194063186645, 1.3314165660858155, 1.2784739473342897, 1.2946383903503418, 1.3081399143218995, 1.3355723583221435, 1.2879914516448974, 1.292354412841797, 1.2847957069396974, 1.2953016597747802, 1.321238520050049, 1.2723054130554199, 1.2873173198699952, 1.2605660808563233, 1.2855587652206422, 1.2707991401672363, 1.3343091987609863, 1.3136872282028198, 1.3498281492233277, 1.3352060020446777, 1.3081198358535766, 1.3609143440246583, 1.3426563095092774, 1.3440773206710814, 1.3539773983001708, 1.3117472896575928, 1.3788388648986816, 1.466874468612671, 1.3477486740112306, 1.3495251712799072, 1.3645283176422118, 1.3457093757629395, 1.3809527794837952, 1.3222905818939208, 1.3899796325683593, 1.3521099681854247, 1.3637598119735719, 1.3734003986358643, 1.3867422147750854, 1.38632774848938, 1.4108611461639404, 1.4021373397827148, 1.4130711653709411, 1.4524216251373292, 1.4332796182632446, 1.4508268093109131, 1.413836697769165], "val_acc": [0.335, 0.3794, 0.4165, 0.408, 0.4311, 0.461, 0.4745, 0.4618, 0.4727, 0.4806, 0.4984, 0.4843, 0.501, 0.4967, 0.5137, 0.4691, 0.5252, 0.498, 0.4929, 0.514, 0.5156, 0.5023, 0.5203, 0.5169, 0.5179, 0.5388, 0.5028, 0.5199, 0.5438, 0.5328, 0.5408, 0.5254, 0.5098, 0.541, 0.5483, 0.543, 0.5319, 0.5539, 0.5527, 0.547, 0.5633, 0.5601, 0.5187, 0.5546, 0.5361, 0.5386, 0.5522, 0.5513, 0.5568, 0.5574, 0.5516, 0.5536, 0.556, 0.5418, 0.5443, 0.5675, 0.552, 0.5478, 0.5524, 0.5545, 0.5604, 0.5552, 0.5596, 0.558, 0.5727, 0.5674, 0.571, 0.5634, 0.5742, 0.5664, 0.5657, 0.5549, 0.5633, 0.5704, 0.5611, 0.5611, 0.5558, 0.5613, 0.5685, 0.5584, 0.5491, 0.5697, 0.5671, 0.5563, 0.5664, 0.5627, 0.5724, 0.5673, 0.5694, 0.5715, 0.5732, 0.5674, 0.5696, 0.5681, 0.5716, 0.5635, 0.5634, 0.5697, 0.5601, 0.5683], "loss": [1.9827191528701782, 1.797923041381836, 1.7176197994613647, 1.6687026863861083, 1.6231898099136353, 1.5884783854293822, 1.5575940879058838, 1.530843226890564, 1.5067588876724243, 1.4823163553619385, 1.4654244948577881, 1.4414027228927613, 1.422507020339966, 1.4050743801879884, 1.3924622998428344, 1.3712573525238037, 1.3579475867080688, 1.340781497116089, 1.3258760382843018, 1.317408348312378, 1.30244850189209, 1.289383363342285, 1.2733676351165772, 1.2634649063873291, 1.2437247891235352, 1.234948504219055, 1.2251334373855591, 1.2116856246948242, 1.2033205488204957, 1.1898822592926026, 1.1762100065994263, 1.170833902206421, 1.1526927349853515, 1.1487724607849121, 1.136111362800598, 1.1223590978240967, 1.109293018989563, 1.0984292542266845, 1.0914923685455322, 1.0850601762771606, 1.0714302767181396, 1.0578009773254395, 1.0487347147369386, 1.0396482802581788, 1.0262578645324707, 1.0195933796310426, 1.0113732527542114, 1.0043921281433106, 0.9899277739715576, 0.9800607198905945, 0.9720647520637512, 0.9631618281173706, 0.9507749616622925, 0.941483271598816, 0.936065880279541, 0.9214617074394226, 0.9213595069885254, 0.9040796377182007, 0.8953287433242798, 0.8863511991500854, 0.8777788959121704, 0.8690805356216431, 0.8616251780319214, 0.8481278278923035, 0.8433673384475708, 0.8356847138786316, 0.8249033655166625, 0.8143506280517578, 0.8100348866462708, 0.7996954553604126, 0.7866138375663757, 0.7798748701667786, 0.7743993963813782, 0.7674644004440307, 0.7645803471183776, 0.7579929044914245, 0.744080143699646, 0.7304775676155091, 0.725536750946045, 0.7231297493362426, 0.7118696317863464, 0.706822493133545, 0.7005156184005737, 0.6927694233131408, 0.6885151737594605, 0.6768217728805542, 0.6640361257362366, 0.6650914344787597, 0.6571036166000366, 0.6502978442764282, 0.6422344562911987, 0.6373609475326538, 0.6335010322570801, 0.6231345212554932, 0.6132015663528443, 0.609848828907013, 0.603279854221344, 0.6006520310783386, 0.5993928906822205, 0.5835234377479553], "acc": [0.2794599999904633, 0.35374000001907346, 0.38686000000953674, 0.40240000000953674, 0.42311999998092653, 0.4331000000190735, 0.44734, 0.45464000000953675, 0.46272, 0.47200000000953674, 0.4773399999809265, 0.48810000000953674, 0.4943, 0.496119999961853, 0.50232, 0.5110599999809265, 0.51686, 0.520939999961853, 0.5253399999809265, 0.5295199999618531, 0.53544, 0.5401800000095367, 0.544800000038147, 0.5497399999809265, 0.5567, 0.559680000038147, 0.562220000038147, 0.5661199999809265, 0.56894, 0.5749600000190734, 0.578840000038147, 0.5814600000190735, 0.5875999999809265, 0.587439999961853, 0.5934600000190735, 0.5984000000190735, 0.600659999961853, 0.6054600000381469, 0.6084000000190735, 0.609440000038147, 0.6158999999618531, 0.622159999961853, 0.624980000038147, 0.62722, 0.632059999961853, 0.6352200000190735, 0.637860000038147, 0.636940000038147, 0.64136, 0.6472600000190735, 0.650439999961853, 0.6551599999809266, 0.6570800000190735, 0.6613399999809265, 0.6652199999809265, 0.6695199999618531, 0.6696400000381469, 0.674799999961853, 0.6765199999809265, 0.682259999961853, 0.68522, 0.6873599999809266, 0.6908000000190735, 0.6939399999809265, 0.694979999961853, 0.6996599999809265, 0.7012000000190735, 0.7066800000190735, 0.708960000038147, 0.7132, 0.7168799999809266, 0.718439999961853, 0.7213599999618531, 0.7219400000190734, 0.7269200000190735, 0.724, 0.7291000000190735, 0.7355800000381469, 0.7368800000190735, 0.739259999961853, 0.7424399999618531, 0.7463, 0.745260000038147, 0.749979999961853, 0.7509, 0.756599999961853, 0.76064, 0.7605199999809266, 0.76222, 0.7657400000190735, 0.766840000038147, 0.770119999961853, 0.7715399999618531, 0.7769000000190734, 0.77866, 0.78012, 0.7832400000190735, 0.78268, 0.78224, 0.7903]}